mode,route_id,route_short_name,route_long_name,med_minutes
bus,1223,326,ΣΤ. ΚΑΝΤΖΑ - ΣΠΑΤΑ - ΑΡΤΕΜΙΣ (ΚΥΚΛΙΚΗ),60.00
bus,1124,123,ΣΑΡΩΝΙΔΑ-ΑΝΑΒΥΣΣΟΣ-ΠΑΛΑΙΑ ΦΩΚΑΙΑ (ΚΥΚΛΙΚΗ),57.42
bus,1547,Χ97,ΑΕΡΟΛΙΜΕΝΑΣ ΑΘΗΝΩΝ - ΣΤ. ΕΛΛΗΝΙΚΟ (EXPRESS) (ΚΥΚΛΙΚΗ),55.23
bus,946,204,ΣΤΡ. ΣΑΚΕΤΑ - ΑΚΑΔΗΜΙΑ (ΚΥΚΛΙΚΗ),55.00
bus,979,541,ΜΕΤΑΜΟΡΦΩΣΗ - ΣΤ. ΑΜΑΡΟΥΣΙΟΥ (ΚΥΚΛΙΚΗ),54.73
bus,1707,712,ΑΧΑΡΝΑΙ - ΕΡΓ. ΠΟΛΥΚΑΤΟΙΚΙΕΣ - Α. ΛΙΟΣΙΑ ,50.00
bus,1681,310,ΜΑΡΑΘΩΝΑΣ - ΝΕΑ ΜΑΚΡΗ - ΡΑΦΗΝΑ - ΜΑΤΙ - ΜΑΡΑΘΩΝΑΣ (ΚΥΚΛΙΚΗ),50.00
bus,750,024,ΑΓ. ΑΝΑΡΓΥΡΟΙ - ΣΤ. ΚΑΤΩ ΠΑΤΗΣΙΑ (ΚΥΚΛΙΚΗ),50.00
bus,836,560,ΣΤ. ΚΗΦΙΣΙΑ - ΜΟΡΤΕΡΟ - Ν. ΕΡΥΘΡΑΙΑ,50.00
bus,942,142,ΣΤ. ΑΡΓΥΡΟΥΠΟΛΗ - ΚΑΛΑΜΑΚΙ (ΚΥΚΛΙΚΗ),45.00
bus,890,819,ΠΕΡΑΜΑ - ΝΕΚΡ. ΣΧΙΣΤΟΥ,45.00
bus,1260,535Α,ΖΗΡΙΝΕΙΟ - ΕΥΞΕΙΝΟΣ ΠΟΝΤΟΣ - ΦΡΑΓΜΑ - ΚΑΛΕΤΖΙ (ΚΥΚΛΙΚΗ),40.73
bus,1017,911,ΣΤΑΘ. ΚΑΛΛΙΘΕΑΣ - ΙΔΡ. ΤΥΦΛΩΝ (ΚΥΚΛΙΚΗ),40.00
bus,944,162,ΒΟΥΛΑ - ΠΑΝΟΡΑΜΑ (ΚΥΚΛΙΚΗ),35.00
bus,1521,Χ93,ΣΤ. ΥΠΕΡ. ΛΕΩΦ. ΚΗΦΙΣΟΥ - ΑΕΡΟΛΙΜΕΝΑΣ ΑΘΗΝΩΝ (EXPRESS),34.72
bus,903,Β15,ΣΤ. ΛΑΡΙΣΗΣ - ΠΑΛΑΤΑΚΙ,33.77
bus,917,535,ΖΗΡΙΝΕΙΟ - ΕΥΞΕΙΝΟΣ ΠΟΝΤΟΣ (ΚΥΚΛΙΚΗ),31.86
bus,892,Χ96,ΠΕΙΡΑΙΑΣ - ΑΕΡ/ΝΑΣ ΑΘΗΝΩΝ (EXPRESS),30.00
bus,1724,310,Γ* ΜΑΡΑΘΩΝΑΣ (ΜΕΣΩ ΠΑΡΑΛΙΑΣ) - ΝΕΑ ΜΑΚΡΗ - ΡΑΦΗΝΑ - ΜΑΤΙ - ΜΑΡΑΘΩΝΑΣ,30.00
bus,1006,309,ΚΟΡΩΠΙ - ΣΤ. ΠΡΟΑΣΤΙΑΚΟΥ - ΚΟΡΩΠΙ (ΚΥΚΛΙΚΗ),25.00
bus,1383,Ε14,ΣΥΝΤΑΓΜΑ - Ο.Α.Κ.Α. - ΥΠ. ΠΑΙΔΕΙΑΣ (EXPRESS),25.00
bus,1623,543,ΣΤΑΘΜΟΣ ΚΗΦΙΣΙΑΣ - ΝΟΣ. ΑΓ. ΑΝΑΡΓΥΡΟΙ (ΚΥΚΛΙΚΗ),25.00
bus,1129,324,ΑΝΘΟΥΣΑ-ΠΑΛΛΗΝΗ-ΚΑΝΤΖΑ (ΚΥΚΛΙΚΗ),24.32
bus,1133,725,ΑΧΑΡΝΑΙ (ΜΕΣΟΝΥΧΙ) - ΘΡΑΚΟΜΑΚΕΔΟΝΕΣ (ΠΛ.ΑΡΙΣΤΟΤΕΛΟΥΣ)  (ΚΥΚΛΙΚΗ),21.51
bus,912,879,ΑΧΑΡΝΑΙ - ΘΡΙΑΣΙΟ ΝΟΣΟΚΟΜΕΙΟ - ΕΛΕΥΣΙΝΑ,20.57
bus,854,871,ΠΕΙΡΑΙΑΣ - ΕΛΕΥΣΙΝΑ (ΜΕΣΩ Λ. ΕΘΝ. ΑΝΤΙΣΤΑΣΕΩΣ),20.08
bus,1134,726,ΑΧΑΡΝΑΙ (ΜΕΣΟΝΥΧΙ) - ΘΡΑΚΟΜΑΚΕΔΟΝΕΣ (BOYNO)   (ΚΥΚΛΙΚΗ),20.00
bus,1382,750,ΑΤΤΙΚΟ ΝΟΣΟΚΟΜΕΙΟ - ΣΤ. ΜΕΤΡΟ ΑΙΓΑΛΕΩ - ΝΙΚΑΙΑ  (ΕΝΑΛΛΑΚΤΙΚΗ ΛΟΓΩ ΛΑΪΚΗΣ ΚΑΘΕ ΠΑΡΑΣΚΕΥΗ),20.00
bus,883,914,ΟΜΟΝΟΙΑ - ΛΑΧΑΝΑΓΟΡΑ - ΠΑΛ. ΚΟΚΚΙΝΙΑ (ΚΥΚΛΙΚΗ),20.00
bus,939,101,ΑΛΙΜΟΣ - ΕΛΛΗΝΙΚΟ,19.38
bus,940,120,ΓΛΥΦΑΔΑ - ΒΑΡΗ - ΠΡΟΑΣΤΙΑΚΟΣ ΣΤ. ΚΟΡΩΠΙΟΥ,18.88
bus,911,878,ΑΧΑΡΝΑΙ - ΕΛΕΥΣΙΝΑ,17.38
bus,1617,861Β,ΕΛΕΥΣΙΝΑ – ΜΑΝΔΡΑ - ΒΙΛΙΑ - ΕΡΥΘΡΕΣ,17.20
bus,1646,314,Β* ΣΤ. ΔΟΥΚ. ΠΛΑΚΕΝΤΙΑΣ - ΠΑΛΛΗΝΗ - Ν. ΒΟΥΤΖΑΣ (2ο Γυμνάσιο),17.18
bus,1716,838,ΟΜΟΝΟΙΑ - ΡΕΝΤΗΣ - ΠΑΛ. ΚΟΚΚΙΝΙΑ - ΠΕΙΡΑΙΑΣ (ΚΥΚΛΙΚΗ),15.53
bus,1381,19Β,ΜΟΥΣΕΙΟ - ΧΑΛΑΝΔΡΙ (ΣΙΔΕΡΑ) (ΚΥΚΛΙΚΗ),15.33
bus,1550,755Β,ΑΧΑΡΝΑΙ-ΚΟΚΚΙΝΟΣ ΜΥΛΟΣ-ΣΤ. ΚΑΤΩ ΠΑΤΗΣΙΑ (ΚΥΚΛΙΚΗ ΜΕΣΩ ΧΑΡΑΥΓΗΣ),15.03
bus,1228,831,ΠΕΙΡΑΙΑΣ-ΑΙΓΑΛΕΩ (ΕΝΑΛΛΑΚΤΙΚΗ ΛΟΓΩ ΛΑΪΚΗΣ ΚΑΘΕ ΔΕΥΤΕΡΑ),15.00
bus,978,527,ΠΕΥΚΗ - ΝΕΡΑΤΖΙΩΤΙΣΣΑ (ΚΥΚΛΙΚΗ),15.00
bus,1045,323,ΑΓ.ΝΙΚΟΛΑΟΣ -  ΑΓ.ΚΥΡΙΑΚΗ -  ΒΡΑΥΡΩΝΑ (ΚΥΚΛΙΚΗ),15.00
bus,977,501,ΠΕΥΚΗ - ΜΑΡΟΥΣΙ (ΚΥΚΛΙΚΗ),15.00
bus,1453,811,ΧΑΪΔΑΡΙ - ΣΤ. ΑΓΙΑ ΜΑΡΙΝΑ (ΕΝΑΛΛΑΚΤΙΚΗ ΛΟΓΩ ΛΑΪΚΗΣ ΚΑΘΕ ΤΕΤΑΡΤΗ),15.00
bus,1624,543Α,ΣΤΑΘΜΟΣ ΚΗΦΙΣΙΑΣ - ΝΟΣ. ΑΓ. ΑΝΑΡΓΥΡΟΙ (ΜΕΣΩ ΚΑΛΥΦΤΑΚΗ) (ΚΥΚΛΙΚΗ),15.00
bus,1025,Χ95,ΣΥΝΤΑΓΜΑ - ΑΕΡΟΛ. ΑΘΗΝΩΝ (EXPRESS),15.00
bus,1056,444,ΣΤ. ΕΙΡΗΝΗ - ΓΑΛΑΤΣΙ - ΣΤ. ΑΝΩ ΠΑΤΗΣΙΑ (ΚΥΚΛΙΚΗ),14.85
bus,1085,18,ΜΟΥΣΕΙΟ - ΧΑΛΑΝΔΡΙ (ΜΕΣΩ ΕΘΝ. ΑΝΤΙΣΤΑΣΕΩΣ),14.08
bus,1000,526,ΣΤΑΘΜΟΣ ΚΗΦΙΣΙΑΣ - ΚΕΦΑΛΑΡΙ (ΚΥΚΛΙΚΗ),13.93
bus,885,300,ΠΛ. ΚΑΡΑΪΣΚΑΚΗ - ΤΖΑΝΕΙΟ (ΚΥΚΛΙΚΗ),12.86
bus,1643,829,ΠΑΔΑ ΑΡΧΑΙΟΣ ΕΛΑΙΩΝΑΣ - ΣΤ.ΑΙΓΑΛΕΩ - ΠΑΔΑ ΑΛΣΟΣ ΑΙΓΑΛΕΩ (ΚΥΚΛΙΚΗ),12.55
bus,1178,204Β,ΕΚΕΜΣ - ΑΚΑΔΗΜΙΑ(ΚΥΚΛΙΚΗ),12.50
bus,983,604,ΝΟΣ. ΑΓ. ΑΝΑΡΓΥΡΟΙ - ΣΤ. ΜΕΤΑΜΟΡΦΩΣΗΣ - ΝΕΑ ΙΩΝΙΑ (ΚΥΚΛΙΚΗ),12.50
bus,1183,891,ΑΓ. ΒΑΡΒΑΡΑ - ΑΙΓΑΛΕΩ - ΠΕΡΙΣΤΕΡΙ - ΣΤΑΘ. ΑΤΤΙΚΗΣ (ΚΥΚΛΙΚΗ),12.18
bus,1176,201,ΣΤ. ΑΓ. ΔΗΜΗΤΡΙΟΣ - ΑΡΓΥΡΟΥΠΟΛΗ (ΚΥΚΛΙΚΗ),12.02
bus,996,862,ΠΑΡΑΛΙΑ - ΑΝΩ ΕΛΕΥΣΙΝΑ,12.00
bus,1033,217,ΠΕΙΡΑΙΑΣ - ΑΓ. ΔΗΜΗΤΡΙΟΣ - ΣΤ. ΔΑΦΝΗ,11.68
bus,1034,229,ΠΕΙΡΑΙΑΣ - ΑΓ. ΔΗΜΗΤΡΙΟΣ - ΣΤ. ΔΑΦΝΗ,11.65
bus,1400,828,ΠΕΙΡΑΙΑΣ - ΘΗΒΩΝ - ΣΤ. ΝΙΚΑΙΑ (ΚΥΚΛΙΚΗ),11.28
bus,1520,052,ΣΤ. ΕΛΑΙΩΝΑ - ΣΤ. ΥΠΕΡ. ΛΕΩΦ. ΚΗΦΙΣΟΥ (ΚΥΚΛΙΚΗ),11.22
bus,1001,524,ΣΤΑΘΜΟΣ ΚΗΦΙΣΙΑΣ - ΠΟΛΙΤΕΙΑ (ΚΥΚΛΙΚΗ),11.11
bus,820,861,ΕΛΕΥΣΙΝΑ - ΜΑΝΔΡΑ (ΟΙΚΙΣΜΟΣ ΤΙΤΑΝ),11.01
bus,1384,711,ΣΤ. ΑΤΤΙΚΗ - ΖΩΦΡΙΑ,11.00
bus,1061,460,ΣΤ. ΧΑΛΑΝΔΡΙ - ΧΑΛΑΝΔΡΙ - Π. ΠΕΝΤΕΛΗ,11.00
bus,997,523,ΣΤΑΘΜΟΣ ΚΗΦΙΣΙΑΣ - ΑΔΑΜΕΣ Β (ΚΥΚΛΙΚΗ),10.87
bus,1043,330,ΚΟΡΩΠΙ - ΑΓ. ΜΑΡΙΝΑ (ΚΥΚΛΙΚΗ),10.69
bus,984,640,ΤΟΠΙΚΗ ΗΡΑΚΛΕΙΟΥ (ΚΥΚΛΙΚΗ),10.65
bus,1158,25,ΣΤ. ΑΓ. ΑΝΤΩΝΙΟΣ - ΙΛΙΟΝ - ΚΑΜΑΤΕΡΟ (ΚΥΚΛΙΚΗ),10.63
bus,1354,803,ΠΕΙΡΑΙΑΣ - ΔΑΣΟΣ ΧΑΪΔΑΡΙΟΥ,10.57
bus,1715,827,ΠΕΙΡΑΙΑΣ - ΑΣΠΡΑ ΧΩΜΑΤΑ - ΣΤ. ΝΙΚΑΙΑ (ΚΥΚΛΙΚΗ),10.52
bus,1272,314,ΣΤ. ΔΟΥΚ. ΠΛΑΚΕΝΤΙΑΣ - ΠΑΛΛΗΝΗ - ΡΑΦΗΝΑ,10.42
bus,985,610,ΦΙΛΟΘΕΗ - ΑΜΠΕΛΟΚΗΠΟΙ (ΚΥΚΛΙΚΗ),10.37
bus,846,410,Ο.Α.Κ.Α. - ΑΝΩ ΜΕΛΙΣΣΙΑ (ΚΥΚΛΙΚΗ),10.27
bus,927,128,ΓΛΥΦΑΔΑ - ΤΕΡΨΙΘΕΑ (ΚΥΚΛΙΚΗ),10.25
bus,1041,307,ΣΤ. Δ.ΠΛΑΚΕΝΤΙΑΣ - ΓΛ. ΝΕΡΑ - ΣΤ.ΠΡΟΑΣΤ. ΚΟΡΩΠΙ,10.22
bus,1004,221,ΠΑΝΕΠΙΣΤΗΜΙΟΥΠΟΛΗ - ΑΚΑΔΗΜΙΑ (ΚΥΚΛΙΚΗ),10.15
bus,1162,301,ΣΤ. ΔΟΥΚ. ΠΛΑΚΕΝΤΙΑΣ - ΑΝΘΟΥΣΑ - ΠΕΝΤΕΛΗ (ΚΥΚΛΙΚΗ),10.00
bus,998,522,ΣΤΑΘΜΟΣ ΚΗΦΙΣΙΑΣ - ΑΔΑΜΕΣ Α (ΚΥΚΛΙΚΗ),10.00
bus,1031,136,ΑΝΩ Ν. ΣΜΥΡΝΗ Β - ΣΤ. ΣΥΓΓΡΟΥ ΦΙΞ (ΚΥΚΛΙΚΗ),10.00
bus,1042,306,ΣΤ.ΔΟΥΚ.ΠΛΑΚΕΝΤΙΑΣ-ΔΗΜ.ΓΕΡΑΚΑ-ΜΠΑΛΑΝΑ ΓΕΡΑΚΑ (ΚΥΚΛΙΚΗ),10.00
bus,976,447,ΧΑΛΑΝΔΡΙ - ΑΝΩ ΒΡΙΛΗΣΣΙΑ,10.00
bus,952,250,ΠΑΝΕΠΙΣΤΗΜΙΟΥΠΟΛΗ - ΣΤ. ΕΥΑΓΓΕΛΙΣΜΟΥ (ΚΥΚΛΙΚΗ),10.00
bus,932,117,ΓΛΥΦΑΔΑ - ΒΟΥΛΙΑΓΜΕΝΗ - ΒΑΡΗ,10.00
bus,909,752,ΑΧΑΡΝΑΙ - ΑΓ. ΙΩΑΝΝΗΣ - ΑΓ. ΠΕΤΡΟΣ (ΚΥΚΛΙΚΗ),10.00
bus,907,733,ΑΧΑΡΝΑΙ - ΑΝΩ ΛΙΟΣΙΑ (ΚΥΚΛΙΚΗ),10.00
bus,1137,832,ΕΥΓΕΝΕΙΑ-ΧΑΡΑΥΓΗ-ΠΕΙΡΑΙΑΣ Α (ΚΥΚΛΙΚΗ),10.00
bus,1147,727,ΜΕΣΟΝΥΧΙ - ΑΓ. ΚΩΝΣΤΑΝΤΙΝΟΣ - ΑΓ.ΠΑΡΑΣΚΕΥΗ (ΚΥΚΛΙΚΗ),10.00
bus,1679,314,Γ* ΣΤ. ΔΟΥΚ. ΠΛΑΚΕΝΤΙΑΣ - ΠΑΛΛΗΝΗ - ΝΕΑ ΜΑΚΡΗ,10.00
bus,1197,833,ΕΥΓΕΝΕΙΑ-ΧΑΡΑΥΓΗ-ΠΕΙΡΑΙΑΣ Β (ΚΥΚΛΙΚΗ),10.00
bus,1397,800,ΝΙΚΑΙΑ - ΣΤ. ΝΙΚΑΙΑ (ΚΥΚΛΙΚΗ),10.00
bus,1399,820,ΚΕΡΑΤΣΙΝΙ - ΣΤ.ΝΙΚΑΙΑ - ΔΡΑΠΕΤΣΩΝΑ (ΚΥΚΛΙΚΗ),10.00
bus,802,405,ΣΤ. ΧΑΛΑΝΔΡΙ - ΜΕΛΙΣΣΙΑ (ΚΥΚΛΙΚΗ),10.00
bus,1244,700,ΠΕΤΡΟΥΠΟΛΗ (ΑΓ. ΤΡΙΑΔΑ)-ΣΤ. ΑΝΘΟΥΠΟΛΗ (ΚΥΚΛΙΚΗ),9.88
bus,953,304,ΣΤ. ΝΟΜΙΣΜΑΤΟΚΟΠΕΙΟ - ΑΡΤΕΜΙΣ (ΒΡΑΥΡΩΝΑ),9.82
bus,1014,860,Π. ΦΑΛΗΡΟ - ΓΕΝ. ΚΡΑΤΙΚΟ ΝΙΚΑΙΑΣ - ΣΧΙΣΤΟ ΚΕΡΑΤΣΙΝΙΟΥ,9.79
bus,905,728,ΑΧΑΡΝΑΙ- ΑΓ.ΠΕΤΡΟΣ- ΑΓ.ΙΩΑΝΝΗΣ-ΠΛΑΤΩΝΑΣ (ΚΥΚΛΙΚΗ),9.73
bus,818,026,ΙΠΠΟΚΡΑΤΟΥΣ - ΒΟΤΑΝΙΚΟΣ,9.70
bus,1560,734,ΑΧΑΡΝΑΙ - ΝΟΣ. ΑΓ. ΑΝΑΡΓΥΡΟΙ (ΚΥΚΛΙΚΗ),9.67
bus,817,025,ΙΠΠΟΚΡΑΤΟΥΣ - ΠΡΟΦΗΤΗ ΔΑΝΙΗΛ,9.60
bus,851,130,ΠΕΙΡΑΙΑΣ - Ν. ΣΜΥΡΝΗ (ΚΥΚΛΙΚΗ),9.58
bus,1055,446,ΣΤ. ΑΜΑΡΟΥΣΙΟΥ - ΝΟΣΟΚ. ΠΕΝΤΕΛΗΣ (ΜΕΣΩ ΠΙΚΠΑ),9.27
bus,1203,Ε90,ΠΕΙΡΑΙΑΣ - ΠΑΝΕΠΙΣΤΗΜΙΟΥΠΟΛΗ (ΣΧΟΛΙΚΗ EXPRESS),9.22
bus,1026,106,ΑΓ. ΒΑΡΒΑΡΑ - ΣΤ. ΣΥΓΓΡΟΥ ΦΙΞ (ΚΥΚΛΙΚΗ),9.22
bus,844,892,ΑΓ. ΒΑΡΒΑΡΑ - ΧΑΪΔΑΡΙ - ΑΓ. ΑΝΑΡΓΥΡΟΙ-ΙΛΙΟΝ,9.20
bus,1083,20,Ν. ΦΑΛΗΡΟ - ΚΑΣΤΕΛΛΑ - ΔΡΑΠΕΤΣΩΝΑ,9.08
bus,951,242,ΣΤ. ΚΑΤΕΧΑΚΗ - ΠΟΛΥΤΕΧΝΕΙΟΥΠΟΛΗ (ΚΥΚΛΙΚΗ),9.00
bus,861,807,ΑΝΩ ΚΟΡΥΔΑΛΛΟΣ - ΣΤ. ΜΕΤΡΟ ΑΙΓΑΛΕΩ (ΚΥΚΛΙΚΗ),8.98
bus,1020,Α10,ΣΤΑΘΜΟΣ ΛΑΡΙΣΗΣ - ΑΧΑΡΝΑΙ,8.98
bus,857,825,ΝΕΑΠΟΛΗ - ΑΓ. ΑΝΤΩΝΙΟΣ - ΠΕΙΡΑΙΑΣ Β (ΚΥΚΛΙΚΗ),8.93
bus,982,642,ΗΡΑΚΛΕΙΟ - ΑΓ. ΝΕΚΤΑΡΙΟΣ - ΠΕΥΚΗ (ΚΥΚΛΙΚΗ),8.92
bus,1053,411,ΣΤ. ΔΟΥΚ. ΠΛΑΚΕΝΤΙΑΣ - ΣΙΣΜΑΝΟΓΛΕΙΟ - ΧΑΛΑΝΔΡΙ (ΚΥΚΛΙΚΗ),8.90
bus,899,821,ΑΓΙΑ ΑΝΑΣΤΑΣΙΑ - ΣΤ. ΑΓ. ΑΝΤΩΝΙΟΣ (ΚΥΚΛΙΚΗ),8.82
bus,823,704,ΚΑΜΑΤΕΡΟ - ΠΛ. ΑΓ. ΑΝΑΡΓΥΡΩΝ (ΚΥΚΛΙΚΗ),8.77
bus,987,701,ΚΑΜΑΤΕΡΟ - ΙΛΙΟΝ - ΣΤ. ΑΝΘΟΥΠΟΛΗ (ΚΥΚΛΙΚΗ),8.76
bus,1065,740,ΟΛΥΜΠ. ΧΩΡΙΟ - ΣΚΑ - ΑΧΑΡΝΑΙ - ΑΓ. ΑΝΝΑ (ΚΥΚΛΙΚΗ),8.73
bus,1417,735,ΑΧΑΡΝΑΙ - ΖΕΦΥΡΙ - ΣΤ. ΚΑΤΩ ΠΑΤΗΣΙΑ (ΚΥΚΛΙΚΗ),8.67
bus,1081,24,ΠΕΤΡΟΥΠΟΛΗ - ΙΛΙΟΝ - ΣΤ. ΑΓ. ΑΝΤΩΝΙΟΣ (ΚΥΚΛΙΚΗ),8.63
bus,1030,137,ΑΝΩ Ν. ΣΜΥΡΝΗ Α - ΣΤ. ΣΥΓΓΡΟΥ ΦΙΞ (ΚΥΚΛΙΚΗ),8.62
bus,1013,859,ΠΕΙΡΑΙΑΣ-ΔΕΞΑΜΕΝΕΣ-ΝΕΟΣ ΜΩΛΟΣ ΔΡΑΠΕΤΣΩΝΑΣ (ΚΥΚΛΙΚΗ),8.62
bus,812,817,ΕΛΕΥΣΙΝΑ - ΜΑΝΔΡΑ,8.61
bus,1740,Β11,ΠΛ. ΒΑΘΗ - ΙΛΙΟΝ - ΠΕΤΡΟΥΠΟΛΗ,8.58
bus,954,305,ΣΤ. ΝΟΜΙΣΜΑΤΟΚΟΠΕΙΟ - ΑΡΤΕΜΙΣ (ΑΓ. ΝΙΚΟΛΑΟΣ),8.55
bus,875,852,ΝΕΑΠΟΛΗ - ΣΤ. ΜΕΤΡΟ ΑΙΓΑΛΕΩ (ΚΥΚΛΙΚΗ),8.47
bus,831,046,ΜΟΥΣΕΙΟ - ΕΛΛΗΝΟΡΩΣΩΝ,8.41
bus,1357,409,ΠΑΠΑΓΟΥ - ΣΤ. ΕΘΝ. ΑΜΥΝΑ  (ΚΥΚΛΙΚΗ),8.38
bus,1059,450,ΣΤ. ΧΑΛΑΝΔΡΙ - ΧΑΛΑΝΔΡΙ - Ν. ΠΕΝΤΕΛΗ,8.33
bus,937,140,ΠΟΛΥΓΩΝΟ - ΓΛΥΦΑΔΑ,8.28
bus,1402,809,ΣΧΙΣΤO - ΣΤ.ΝΙΚΑΙΑ - ΣΤ.ΚΟΡΥΔΑΛΛΟΣ (ΚΥΚΛΙΚΗ),8.25
bus,1450,Β2,ΣΤ. ΣΥΓΓΡΟΥ ΦΙΞ - ΑΓ.ΚΟΣΜΑΣ (ΜΕΣΩ ΠΑΡΑΛΙΑΚΗΣ) (ΚΥΚΛΙΚΗ),8.20
bus,845,731,ΑΝΘΟΥΠΟΛΗ - ΣΤ. Μ. ΑΝΘΟΥΠΟΛΗ - ΑΤΤΙΚΟ ΝΟΣ. - ΔΑΣΟΣ,8.17
bus,822,605,ΠΕΡΙΣΣΟΣ - ΑΝΩ ΠΑΤΗΣΙΑ (ΚΥΚΛΙΚΗ),8.15
bus,1063,619,ΜΕΤΑΜΟΡΦΩΣΗ - Ν. ΦΙΛΑΔΕΛΦΕΙΑ - ΣΤ. ΑΝΩ ΠΑΤΗΣΙΑ (ΚΥΚΛΙΚΗ),8.13
bus,1729,205,ΓΛΥΦΑΔΑ - ΣΟΥΡΜΕΝΑ - ΤΕΡΨΙΘΕΑ (ΚΥΚΛΙΚΗ),8.03
bus,1648,830,ΑΓ. ΒΑΡΒΑΡΑ - ΣΤ. ΚΟΡΥΔΑΛΛΟΣ (ΚΥΚΛΙΚΗ),7.95
bus,961,910,ΣΤ. ΣΥΓΓΡΟΥ ΦΙΞ - ΤΖΙΤΖΙΦΙΕΣ (ΚΥΚΛΙΚΗ),7.83
bus,935,622,ΓΟΥΔΗ - ΑΝΩ ΓΑΛΑΤΣΙ,7.80
bus,1404,837,ΑΓΙΑ ΒΑΡΒΑΡΑ - ΣΤ.ΑΓ.ΒΑΡΒΑΡΑ - ΣΤ.ΑΓ.ΜΑΡΙΝΑ (ΚΥΚΛΙΚΗ),7.78
bus,962,Α1,ΠΕΙΡΑΙΑΣ - ΒΟΥΛΑ,7.72
bus,990,747,ΠΕΤΡΟΥΠΟΛΗ - ΠΑΝΟΡΑΜΑ - ΣΤ. ΑΝΘΟΥΠΟΛΗ (ΚΥΚΛΙΚΗ),7.67
bus,872,845,ΠΕΙΡΑΙΑΣ - ΕΛΕΥΣΙΝΑ (ΜΕΣΩ ΘΗΒΩΝ),7.67
bus,1175,131,ΑΜΑΞ. ΑΓ. ΔΗΜΗΤΡΙΟΥ - ΣΤ. ΔΑΦΝΗΣ (ΚΥΚΛΙΚΗ),7.65
bus,1247,706,ΣΤ. ΑΓ. ΑΝΤΩΝΙΟΣ-ΙΛΙΟΝ (ΜΕΣΩ Λ. ΑΝ. ΠΑΠΑΝΔΡΕΟΥ),7.62
bus,810,863,ΕΛΕΥΣΙΝΑ - ΘΡΙΑΣΙΟ ΝΟΣ. - ΜΑΝΔΡΑ ,7.62
bus,837,719,ΚΗΠΟΥΠΟΛΗ - ΠΑΛΑΤΙΑΝΗ - ΣΤ. ΛΑΡΙΣΗΣ (ΚΥΚΛΙΚΗ),7.50
bus,1021,Β10,ΣΤΑΘΜΟΣ ΛΑΡΙΣΗΣ - ΑΧΑΡΝΑΙ (ΜΕΣΩ ΑΡΙΣΤΟΤΕΛΟΥΣ),7.50
bus,1396,841,ΠΕΡΑΜΑ - ΣΤ. ΝΙΚΑΙΑ (ΚΥΚΛΙΚΗ),7.47
bus,929,116,ΓΛΥΦΑΔΑ - ΒΑΡΗ - ΚΙΤΣΙ,7.46
bus,1069,1,ΠΛ. ΑΤΤΙΚΗΣ - ΚΑΛΛΙΘΕΑ - ΜΟΣΧΑΤΟ,7.45
bus,824,057,ΛΟΦΟΣ ΣΚΟΥΖΕ - ΟΜΟΝΟΙΑ (ΚΥΚΛΙΚΗ),7.43
bus,1376,060,ΑΚΑΔΗΜΙΑ - ΛΥΚΑΒΗΤΤΟΣ (ΚΥΚΛΙΚΗ),7.40
bus,948,212,ΣΤ. ΔΑΦΝΗ - ΥΜΗΤΤΟΣ - ΒΥΡΩΝΑΣ - ΚΑΡΕΑΣ,7.38
bus,847,227,ΑΝΩ ΠΕΤΡΑΛΩΝΑ - ΑΓ. ΑΡΤΕΜΙΟΣ,7.37
bus,1066,823,ΣΤ. ΑΓ. ΑΝΤΩΝΙΟΣ - ΑΓ. ΒΑΣΙΛΕΙΟΣ (ΚΥΚΛΙΚΗ),7.28
bus,999,530,ΣΤΑΘΜΟΣ ΚΗΦΙΣΙΑΣ - ΜΕΛΙΣΣΙΑ - Ν. ΠΕΝΤΕΛΗ,7.28
bus,1035,218,ΠΕΙΡΑΙΑΣ - ΣΤ. ΔΑΦΝΗ,7.27
bus,1039,302,ΣΤ. ΔΟΥΚ. ΠΛΑΚΕΝΤΙΑΣ - ΓΕΡΑΚΑΣ (ΚΥΚΛΙΚΗ),7.27
bus,934,815,ΓΟΥΔΗ - ΤΑΥΡΟΣ,7.25
bus,1076,16,ΑΓ. ΙΩΑΝΝΗΣ ΡΕΝΤΗΣ - ΠΕΙΡΑΙΑΣ (ΚΥΚΛΙΚΗ),7.17
bus,1236,416,ΣΤ.ΕΘΝ.ΑΜΥΝΑΣ - ΧΟΛΑΡΓΟΣ (ΚΥΚΛΙΚΗ),7.15
bus,1144,755,ΑΧΑΡΝΑΙ-ΚΟΚΚΙΝΟΣ ΜΥΛΟΣ-ΣΤ. ΚΑΤΩ ΠΑΤΗΣΙΑ (ΚΥΚΛΙΚΗ),7.13
bus,989,730,ΛΟΦΟΣ ΑΞΙΩΜΑΤΙΚΩΝ - ΣΤ. ΑΓ. ΑΝΤΩΝΙΟΣ - ΖΩΟΔ. ΠΗΓΗ,7.12
bus,1062,461,ΣΤ. ΧΑΛΑΝΔΡΙ - Π. ΠΕΝΤΕΛΗ - ΧΑΛΑΝΔΡΙ (ΚΥΚΛΙΚΗ),7.05
bus,804,036,ΣΤ. ΚΑΤΕΧΑΚΗ-ΣΤ. ΠΑΝΟΡΜΟΥ-ΓΑΛΑΤΣΙ-ΚΥΨΕΛΗ (ΚΥΚΛΙΚΗ),7.00
bus,1027,126,ΠΑΛ. ΦΑΛΗΡΟ - ΣΤ. ΣΥΓΓΡΟΥ ΦΙΞ (ΚΥΚΛΙΚΗ),6.98
bus,1326,406,ΠΕΥΚΑΚΙΑ -ΣΤ.ΔΟΥΚ.ΠΛΑΚΕΝΤΙΑΣ- ΣΤ.ΝΟΜΙΣΜΑΤΟΚΟΠΕΙΟ (ΚΥΚΛΙΚΗ),6.93
bus,862,811,ΧΑΪΔΑΡΙ - ΣΤ. ΑΓΙΑ ΜΑΡΙΝΑ (ΚΥΚΛΙΚΗ),6.92
bus,1060,451,ΣΤ. ΧΑΛΑΝΔΡΙ - Ν. ΠΕΝΤΕΛΗ - ΧΑΛΑΝΔΡΙ (ΚΥΚΛΙΚΗ),6.83
bus,1739,Α11,ΠΛ. ΒΑΘΗ - ΙΛΙΟΝ - ΠΕΤΡΟΥΠΟΛΗ (ΜΕΣΩ ΠΑΝΟΡΑΜΑΤΟΣ),6.83
bus,1489,171,ΒΑΡΚΙΖΑ - ΣΤ. ΑΡΓΥΡΟΥΠΟΛΗ (ΚΥΚΛΙΚΗ),6.83
bus,1395,842,ΠΕΡΑΜΑ - ΣΤ.ΚΟΡΥΔΑΛΛΟΣ (ΚΥΚΛΙΚΗ),6.80
bus,916,536,ΖΗΡΙΝΕΙΟ - ΔΙΟΝΥΣΟΣ,6.80
bus,1074,15,ΠΕΤΡΑΛΩΝΑ - ΔΙΚΑΣΤΗΡΙΑ - ΕΛ. ΒΕΝΙΖΕΛΟΥ,6.77
bus,1653,909,ΑΓ. ΒΑΣΙΛΕΙΟΣ - ΑΓ. ΣΟΦΙΑ - ΚΡΑΤ. ΝΙΚΑΙΑΣ,6.67
bus,926,203,ΚΑΡΕΑΣ - ΑΚΑΔΗΜΙΑ (ΚΥΚΛΙΚΗ),6.62
bus,1050,402,ΣΤ. ΚΑΤΕΧΑΚΗ - ΠΟΛΥΔΡΟΣΟ,6.50
bus,1327,407,ΣΤ.ΔΟΥΚ.ΠΛΑΚΕΝΤΙΑΣ- Ν. ΖΩH-ΣΤ.ΝΟΜΙΣΜΑΤΟΚΟΠΕΙΟ (ΚΥΚΛΙΚΗ),6.48
bus,1486,124,ΓΛΥΦΑΔΑ - ΑΓΙΑ ΤΡΙΑΔΑ - ΣΤ. ΑΡΓΥΡΟΥΠΟΛΗΣ (ΚΥΚΛΙΚΗ),6.43
bus,871,Β1,ΠΕΙΡΑΙΑΣ - ΑΝΩ ΓΛΥΦΑΔΑ,6.41
bus,1077,10,ΤΖΙΤΖΙΦΙΕΣ - ΧΑΛΑΝΔΡΙ,6.39
bus,1073,6,ΙΠΠΟΚΡΑΤΟΥΣ - ΚΟΣΜΑΣ ΑΙΤΩΛΟΣ - Ν. ΦΙΛΑΔΕΛΦΕΙΑ,6.38
bus,1071,4,ΑΝΩ ΚΥΨΕΛΗ - ΑΓ. ΑΡΤΕΜΙΟΣ - ΣΤ. ΑΓ. ΙΩΑΝΝΗΣ,6.36
bus,882,906,ΠΛ. ΚΑΡΑΪΣΚΑΚΗ - ΚΑΛΛΙΠΟΛΗ (ΚΥΚΛΙΚΗ),6.35
bus,819,049,ΠΕΙΡΑΙΑΣ - ΟΜΟΝΟΙΑ,6.28
bus,832,Γ12,ΚΑΜΑΤΕΡΟ - ΑΓ. ΝΙΚΟΛΑΟΣ - ΙΛΙΟΝ - ΠΟΛΥΤΕΧΝΕΙΟ (ΚΥΚΛΙΚΗ),6.28
bus,1070,2,ΑΝΩ ΚΥΨΕΛΗ - ΠΑΓΚΡΑΤΙ - ΚΑΙΣΑΡΙΑΝΗ,6.28
bus,1539,122,ΣΤ. ΑΡΓΥΡΟΥΠΟΛΗ - ΣΑΡΩΝΙΔΑ,6.17
bus,1586,504,ΘΡΑΚΟΜΑΚΕΔΟΝΕΣ - ΚΗΦΙΣΙΑ (ΚΥΚΛΙΚΗ),6.11
bus,1435,703,ΠΕΙΡΑΙΑΣ - ΑΓ. ΑΝΑΡΓΥΡΟΙ - ΑΓ. ΕΛΕΥΘΕΡΙΟΣ (ΜΕΣΩ ΘΗΒΩΝ),6.05
bus,1401,806,ΣΧΙΣΤΟ - ΚΑΡΑΒΑΣ  - ΣΤ. ΚΟΡΥΔΑΛΛΟΣ (ΚΥΚΛΙΚΗ),6.03
bus,1057,651,ΨΥΧΙΚΟ - ΠΑΝΟΡΜΟΥ Α (ΚΥΚΛΙΚΗ),6.00
bus,950,235,ΖΩΓΡΑΦΟΥ - ΑΚΑΔΗΜΙΑ (ΚΥΚΛΙΚΗ),5.99
bus,1700,112,ΑΓ. ΔΗΜΗΤΡΙΟΣ - ΣΤ. ΔΑΦΝΗ (ΑΠΟ ΣΤΑΣΗ ΜΑΚΡΥΓΙΑΝΝΗ),5.97
bus,914,507,ΖΗΡΙΝΕΙΟ - ΡΟΔΟΠΟΛΗ - ΣΤΑΜΑΤΑ,5.97
bus,1164,420,ΠΕΙΡΑΙΑΣ - ΑΓ. ΑΝΑΡΓΥΡΟΙ  (ΜΕΣΩ ΚΗΦΙΣΟΥ) ,5.90
bus,1421,Α2,ΑΚΑΔΗΜΙΑ - ΒΟΥΛΑ (ΜΕΣΩ Λ. ΑΜΦΙΘΕΑΣ),5.85
bus,975,230,ΑΚΡΟΠΟΛΗ - ΖΩΓΡΑΦΟΥ,5.85
bus,1556,054,ΠΕΡΙΣΣΟΣ - ΛΑΜΠΡΙΝΗ - ΟΜΟΝΟΙΑ (ΚΥΚΛΙΚΗ),5.82
bus,1422,Α3,ΑΚΑΔΗΜΙΑ - ΓΛΥΦΑΔΑ (ΜΕΣΩ Λ. ΒΟΥΛΙΑΓΜΕΝΗΣ),5.77
bus,886,750,ΑΤΤΙΚΟ ΝΟΣΟΚΟΜΕΙΟ - ΣΤ. ΜΕΤΡΟ ΑΙΓΑΛΕΩ - ΝΙΚΑΙΑ,5.77
bus,1023,Β9,ΧΑΛΚΟΚΟΝΔΥΛΗ - ΜΕΤΑΜΟΡΦΩΣΗ - Ν. ΚΗΦΙΣΙΑ,5.75
bus,1010,818,ΛΙΜ. ΠΕΡΑΜΑΤΟΣ - ΑΝΩ ΠΕΡΑΜΑ (ΚΥΚΛΙΚΗ),5.68
bus,833,Α8,ΠΟΛΥΤΕΧΝΕΙΟ - Ν. ΙΩΝΙΑ - ΜΑΡΟΥΣΙ,5.68
bus,1080,12,ΖΑΠΠΕΙΟ - ΠΕΡΙΣΤΕΡΙ (ΑΓ. ΙΕΡΟΘΕΟΣ),5.67
bus,1187,509,ΖΗΡΙΝΕΙΟ - ΑΓ. ΣΤΕΦΑΝΟΣ - ΚΡΥΟΝΕΡΙ,5.65
bus,1721,211,ΥΜΗΤΤΟΣ - ΜΕΤΑΜΟΡΦΩΣΗ - ΑΚΑΔΗΜΙΑ (ΚΥΚΛΙΚΗ),5.63
bus,1449,109,ΣΤ. ΑΓ. ΔΗΜΗΤΡΙΟΣ - ΑΝΩ ΚΑΛΑΜΑΚΙ (ΚΥΚΛΙΚΗ),5.60
bus,816,035,ΑΝΩ ΚΥΨΕΛΗ - ΠΕΤΡΑΛΩΝΑ - ΤΑΥΡΟΣ,5.56
bus,1015,904,ΠΛ. ΚΑΡΑΪΣΚΑΚΗ - ΣΤ. ΠΕΙΡΑΙΑ - ΦΡΕΑΤΤΥΔΑ (ΚΥΚΛΙΚΗ),5.52
bus,1047,319,ΣΤ. ΔΟΥΚ. ΠΛΑΚΕΝΤΙΑΣ - ΠΑΛΛΗΝΗ - ΕΚΠΤ. ΧΩΡΙΟ ΣΠΑΤΑ (ΚΥΚΛΙΚΗ),5.49
bus,1036,219,ΣΤ. ΚΑΛΛΙΘΕΑ - ΑΓ. ΔΗΜΗΤΡΙΟΣ,5.47
bus,1720,209,ΥΜΗΤΤΟΣ - ΜΕΤΑΜΟΡΦΩΣΗ - ΣΥΝΤΑΓΜΑ (ΚΥΚΛΙΚΗ),5.44
bus,808,813,ΑΒΕΡΩΦ - ΠΡΟΥΣΣΗΣ,5.40
bus,1078,14 ,ΛΑΜΠΡΙΝΗ - Λ. ΑΛΕΞΑΝΔΡΑΣ - ΓΗΡΟΚΟΜΕΙΟ,5.38
bus,1488,154,ΠΑΝ/ΜΑ ΒΟΥΛΑΣ - Α. ΓΛΥΦΑΔΑ - ΣΤ. ΑΡΓΥΡΟΥΠΟΛΗ (ΚΥΚΛΙΚΗ),5.38
bus,879,856,ΑΙΓΑΛΕΩ - ΥΜΗΤΤΟΣ - ΔΑΦΝΗ,5.34
bus,1131,709,ΤΟΠΙΚΟ ΔΡΟΣΟΥΠΟΛΗΣ,5.27
bus,1079,11,ΑΝΩ ΠΑΤΗΣΙΑ - Ν. ΠΑΓΚΡΑΤΙ - Ν. ΕΛΒΕΤΙΑ,5.24
bus,1373,720,ΑΝΑΚΑΣΑ - ΑΓ. ΑΝΑΡΓΥΡΟΙ - ΣΤ. ΑΤΤΙΚΗ (ΚΥΚΛΙΚΗ),5.23
bus,1072,5,ΛΑΜΠΡΙΝΗ - ΠΛ. ΣΥΝΤΑΓΜΑΤΟΣ - ΤΖΙΤΖΙΦΙΕΣ,5.23
bus,1024,Β5,ΣΤ. ΛΑΡΙΣΗΣ - Λ. ΑΛΕΞΑΝΔΡΑΣ - ΑΓ. ΠΑΡΑΣΚΕΥΗ,5.22
bus,1058,Α5,ΑΚΑΔΗΜΙΑ - ΑΓ. ΠΑΡΑΣΚΕΥΗ - ΑΝΘΟΥΣΑ,5.20
bus,835,748,ΧΡΥΣΟΥΠΟΛΗ - ΑΝΘΟΥΠΟΛΗ - ΣΤ. ΠΕΡΙΣΤΕΡΙ (ΚΥΚΛΙΚΗ),5.08
bus,1018,915,ΛΟΦΟΣ ΒΩΚΟΥ - ΠΡ. ΗΛΙΑΣ (ΚΥΚΛΙΚΗ),5.08
bus,959,550,Π. ΦΑΛΗΡΟ - ΚΗΦΙΣΙΑ,5.03
bus,904,537,ΑΧΑΡΝΑΙ - ΒΑΡΥΜΠΟΜΠΗ,5.00
bus,1086,17,ΠΕΙΡΑΙΑΣ - ΑΓ. ΓΕΩΡΓΙΟΣ (ΚΥΚΛΙΚΗ),5.00
bus,924,164,ΣΤ. ΑΓ. ΔΗΜΗΤΡΙΟΣ - Κ. ΗΛ/ΠΟΛΗ - ΑΡΓ/ΠΟΛΗ - ΤΕΡΨΙΘΕΑ,5.00
bus,1172,206,ΑΓ.ΜΑΡΙΝΑ - ΣΤ. ΔΑΦΝΗΣ (ΚΥΚΛΙΚΗ),5.00
bus,1173,237,ΑΝΩ ΗΛΙΟΥΠΟΛΗ - ΣΤ. ΔΑΦΝΗΣ (ΚΥΚΛΙΚΗ),5.00
bus,799,224,ΚΑΙΣΑΡΙΑΝΗ - ΕΛ. ΒΕΝΙΖΕΛΟΥ,5.00
bus,938,040,ΠΕΙΡΑΙΑΣ - ΣΥΝΤΑΓΜΑ,5.00
bus,874,831,ΠΕΙΡΑΙΑΣ - ΑΙΓΑΛΕΩ,5.00
bus,1237,418,ΣΤ. ΕΘΝΙΚΗΣ ΑΜΥΝΑΣ-ΣΧΟΛ. ΧΟΛΑΡΓΟΥ (ΚΥΚΛΙΚΗ),5.00
bus,949,220,ΑΝΩ ΙΛΙΣΙΑ - ΑΚΑΔΗΜΙΑ (ΚΥΚΛΙΚΗ),5.00
bus,867,723,ΦΥΛΗ - ΑΝΩ ΛΙΟΣΙΑ (ΚΥΚΛΙΚΗ),5.00
bus,866,Α13,ΟΜΟΝΟΙΑ - ΚΗΠΟΥΠΟΛΗ,5.00
bus,813,881,ΕΛΕΥΣΙΝΑ - ΑΣΠΡΟΠΥΡΓΟΣ - ΡΟΥΠΑΚΙ,5.00
bus,1259,749,ΟΙΚΙΣΜΟΣ ΓΕΝΝΗΜΑΤΑ-ΣΤ. ΠΡΟΑΣΤΙΑΚΟΥ (ΚΥΚΛΙΚΗ),5.00
bus,967,421,ΑΓ. ΑΝΑΡΓΥΡΟΙ - ΑΓ. ΠΑΡΑΣΚΕΥΗ,5.00
bus,969,843,ΠΕΙΡΑΙΑΣ - ΠΕΡΑΜΑ,5.00
bus,1649,846,ΝΕΑΠΟΛΗ -  ΣΤ. ΝΙΚΑΙΑ (ΚΥΚΛΙΚΗ),5.00
bus,1650,810,ΣΧΙΣΤΟ - ΣΤ. ΚΟΡΥΔΑΛΛΟΣ (ΚΥΚΛΙΚΗ),5.00
bus,1032,141,ΣΤ. ΔΑΦΝΗ - ΚΑΛΑΜΑΚΙ (ΚΥΚΛΙΚΗ),5.00
bus,1652,814,ΣΧΙΣΤΟ ΚΑΡΑΒΑΣ - ΠΕΙΡΑΙΑΣ (ΚΥΚΛΙΚΗ),5.00
bus,1386,Β12,ΣΤ. ΑΤΤΙΚΗ - ΑΝΩ ΛΙΟΣΙΑ (ΠΑΝΟΡΑΜΑ),5.00
bus,995,805,ΑΣΠΡΟΠΥΡΓΟΣ - ΝΕΟΚΤΙΣΤΑ,5.00
bus,827,855,ΨΑΡΙ - ΑΣΠΡΟΠΥΡΓΟΣ - ΛΟΦΟΣ ΚΥΡΙΛΛΟΥ,5.00
bus,1007,653,ΨΥΧΙΚΟ - ΠΑΝΟΡΜΟΥ Β (ΚΥΚΛΙΚΗ),5.00
bus,1685,509Β,ΖΗΡΙΝΕΙΟ - ΑΦΙΔΝΕΣ - ΠΟΛΥΔΕΝΔΡΙ - ΚΑΠΑΝΔΡΙΤΙ - ΒΑΡΝΑΒΑ,5.00
bus,1375,022,ΑΚΑΔΗΜΙΑ - Ν. ΚΥΨΕΛΗ (ΚΥΚΛΙΚΗ),4.97
bus,1363,214,ΖΩΟΔΟΧΟΣ ΠΗΓΗ - ΑΚΑΔΗΜΙΑ (ΚΥΚΛΙΚΗ),4.95
bus,1406,826,ΠΕΙΡΑΙΑΣ - ΑΓ. ΜΗΝΑΣ (ΚΥΚΛΙΚΗ),4.94
bus,913,503,ΖΗΡΙΝΕΙΟ - ΒΑΡΥΜΠΟΜΠΗ,4.93
bus,1068,3,Ν. ΦΙΛΑΔΕΛΦΕΙΑ - ΑΝΩ ΠΑΤΗΣΙΑ - ΝΕΟ ΨΥΧΙΚΟ,4.87
bus,981,602,Ν. ΙΩΝΙΑ - ΚΑΛΟΓΡΕΖΑ - ΣΤΑΘ. ΠΑΝΟΡΜΟΥ (ΚΥΚΛΙΚΗ),4.87
bus,918,721,ΑΧΑΡΝΑΙ - ΚΗΦΙΣΙΑ (ΚΥΚΛΙΚΗ),4.83
bus,955,308,ΣΤ. ΝΟΜΙΣΜΑΤΟΚΟΠΕΙΟ - ΠΑΙΑΝΙΑ - ΚΟΡΩΠΙ,4.83
bus,1082,21,ΝΙΚΑΙΑ - Π. ΡΑΛΛΗ - ΟΜΟΝΟΙΑ (ΚΥΚΛΙΚΗ),4.81
bus,965,Α7,ΣΤΟΥΡΝΑΡΗ - ΚΗΦΙΣΙΑ (ΠΛΑΤΕΙΑ ΠΛΑΤΑΝΟΥ),4.81
bus,991,876,ΕΛΕΥΣΙΝΑ - ΣΤ. ΑΓ. ΜΑΡΙΝΑ (ΚΥΚΛΙΚΗ),4.73
bus,840,Α15,ΣΤ. ΛΑΡΙΣΗΣ - ΔΑΣΟΣ,4.61
bus,1151,021,ΠΛΑΤΕΙΑ ΚΑΝΙΓΓΟΣ - ΓΚΥΖH (ΚΥΚΛΙΚΗ),4.40
bus,1067,822,ΣΤ. ΑΓ. ΑΝΤΩΝΙΟΣ - ΝΕΑ ΖΩΗ (ΚΥΚΛΙΚΗ),4.37
bus,1367,866,ΑΣΠΡΟΠΥΡΓΟΣ - ΣΤ. ΑΓ. ΜΑΡΙΝΑ (ΚΥΚΛΙΚΗ),4.22
bus,1064,724, ΑΧΑΡΝΑΙ (ΜΕΣΟΝΥΧΙ) - Ν. ΙΩΝΙΑ (ΚΥΚΛΙΚΗ) ,3.27
bus,878,824,ΝΕΑΠΟΛΗ - ΑΓ. ΑΝΤΩΝΙΟΣ - ΠΕΙΡΑΙΑΣ Α (ΚΥΚΛΙΚΗ),3.17
bus,960,608,ΓΑΛΑΤΣΙ - ΑΚΑΔΗΜΙΑ - ΝΕΚΡ. ΖΩΓΡΑΦΟΥ,3.02
bus,1546,732,ΙΛΙΟΝ - ΑΓ. ΦΑΝΟΥΡΙΟΣ - ΑΚΑΔΗΜΙΑ (ΚΥΚΛΙΚΗ),3.01
bus,1523,051,ΣΤ. ΥΠΕΡ. ΛΕΩΦ. ΚΗΦΙΣΟΥ - ΟΜΟΝΟΙΑ (ΜΕΣΩ ΑΚΑΔ. ΠΛΑΤ.)(ΚΥΚΛΙΚΗ),2.68
bus,1165,301Β,ΣΤ. ΔΟΥΚ. ΠΛΑΚΕΝΤΙΑΣ-ΑΝΘΟΥΣΑ-ΠΕΝΤΕΛΗ (ΚΥΚΛΙΚΗ),1.05
fixed,5,T7,ΓΡΑΜΜΗ 7 ΤΡΑΜ,12.00
fixed,4,T6,ΓΡΑΜΜΗ 6 ΤΡΑΜ,12.00
fixed,3,M1,ΓΡΑΜΜΗ 1,4.00
fixed,1,M3,ΓΡΑΜΜΗ 3,1.40
fixed,2,M2,ΓΡΑΜΜΗ 2,1.15
