mode,route_id,route_short_name,route_long_name,med_T3,med_T3W_MULTI,delta_min
bus,1560,734,ΑΧΑΡΝΑΙ - ΝΟΣ. ΑΓ. ΑΝΑΡΓΥΡΟΙ (ΚΥΚΛΙΚΗ),9.67,60.0,50.33
bus,883,914,ΟΜΟΝΟΙΑ - ΛΑΧΑΝΑΓΟΡΑ - ΠΑΛ. ΚΟΚΚΙΝΙΑ (ΚΥΚΛΙΚΗ),17.91,60.0,42.09
bus,1681,310,ΜΑΡΑΘΩΝΑΣ - ΝΕΑ ΜΑΚΡΗ - ΡΑΦΗΝΑ - ΜΑΤΙ - ΜΑΡΑΘΩΝΑΣ (ΚΥΚΛΙΚΗ),10.0,50.0,40.0
bus,1707,712,ΑΧΑΡΝΑΙ - ΕΡΓ. ΠΟΛΥΚΑΤΟΙΚΙΕΣ - Α. ΛΙΟΣΙΑ ,10.0,50.0,40.0
bus,1165,301Β,ΣΤ. ΔΟΥΚ. ΠΛΑΚΕΝΤΙΑΣ-ΑΝΘΟΥΣΑ-ΠΕΝΤΕΛΗ (ΚΥΚΛΙΚΗ),1.33,40.0,38.67
bus,1354,803,ΠΕΙΡΑΙΑΣ - ΔΑΣΟΣ ΧΑΪΔΑΡΙΟΥ,8.23,45.0,36.769999999999996
bus,1043,330,ΚΟΡΩΠΙ - ΑΓ. ΜΑΡΙΝΑ (ΚΥΚΛΙΚΗ),9.35,45.0,35.65
bus,1134,726,ΑΧΑΡΝΑΙ (ΜΕΣΟΝΥΧΙ) - ΘΡΑΚΟΜΑΚΕΔΟΝΕΣ (BOYNO)   (ΚΥΚΛΙΚΗ),25.0,60.0,35.0
bus,1260,535Α,ΖΗΡΙΝΕΙΟ - ΕΥΞΕΙΝΟΣ ΠΟΝΤΟΣ - ΦΡΑΓΜΑ - ΚΑΛΕΤΖΙ (ΚΥΚΛΙΚΗ),15.48,50.02,34.540000000000006
bus,871,Β1,ΠΕΙΡΑΙΑΣ - ΑΝΩ ΓΛΥΦΑΔΑ,5.63,40.0,34.37
bus,1624,543Α,ΣΤΑΘΜΟΣ ΚΗΦΙΣΙΑΣ - ΝΟΣ. ΑΓ. ΑΝΑΡΓΥΡΟΙ (ΜΕΣΩ ΚΑΛΥΦΤΑΚΗ) (ΚΥΚΛΙΚΗ),27.5,60.0,32.5
bus,1056,444,ΣΤ. ΕΙΡΗΝΗ - ΓΑΛΑΤΣΙ - ΣΤ. ΑΝΩ ΠΑΤΗΣΙΑ (ΚΥΚΛΙΚΗ),11.42,43.63,32.21
bus,857,825,ΝΕΑΠΟΛΗ - ΑΓ. ΑΝΤΩΝΙΟΣ - ΠΕΙΡΑΙΑΣ Β (ΚΥΚΛΙΚΗ),5.38,35.91,30.529999999999998
bus,911,878,ΑΧΑΡΝΑΙ - ΕΛΕΥΣΙΝΑ,15.0,45.0,30.0
bus,1259,749,ΟΙΚΙΣΜΟΣ ΓΕΝΝΗΜΑΤΑ-ΣΤ. ΠΡΟΑΣΤΙΑΚΟΥ (ΚΥΚΛΙΚΗ),10.0,40.0,30.0
bus,844,892,ΑΓ. ΒΑΡΒΑΡΑ - ΧΑΪΔΑΡΙ - ΑΓ. ΑΝΑΡΓΥΡΟΙ-ΙΛΙΟΝ,5.93,35.0,29.07
bus,939,101,ΑΛΙΜΟΣ - ΕΛΛΗΝΙΚΟ,23.15,51.87,28.72
bus,1183,891,ΑΓ. ΒΑΡΒΑΡΑ - ΑΙΓΑΛΕΩ - ΠΕΡΙΣΤΕΡΙ - ΣΤΑΘ. ΑΤΤΙΚΗΣ (ΚΥΚΛΙΚΗ),6.82,35.0,28.18
bus,940,120,ΓΛΥΦΑΔΑ - ΒΑΡΗ - ΠΡΟΑΣΤΙΑΚΟΣ ΣΤ. ΚΟΡΩΠΙΟΥ,12.08,39.53,27.450000000000003
bus,998,522,ΣΤΑΘΜΟΣ ΚΗΦΙΣΙΑΣ - ΑΔΑΜΕΣ Α (ΚΥΚΛΙΚΗ),4.49,30.0,25.509999999999998
bus,977,501,ΠΕΥΚΗ - ΜΑΡΟΥΣΙ (ΚΥΚΛΙΚΗ),9.82,35.0,25.18
bus,912,879,ΑΧΑΡΝΑΙ - ΘΡΙΑΣΙΟ ΝΟΣΟΚΟΜΕΙΟ - ΕΛΕΥΣΙΝΑ,20.0,45.0,25.0
bus,1162,301,ΣΤ. ΔΟΥΚ. ΠΛΑΚΕΝΤΙΑΣ - ΑΝΘΟΥΣΑ - ΠΕΝΤΕΛΗ (ΚΥΚΛΙΚΗ),15.0,40.0,25.0
bus,1176,201,ΣΤ. ΑΓ. ΔΗΜΗΤΡΙΟΣ - ΑΡΓΥΡΟΥΠΟΛΗ (ΚΥΚΛΙΚΗ),5.0,30.0,25.0
bus,996,862,ΠΑΡΑΛΙΑ - ΑΝΩ ΕΛΕΥΣΙΝΑ,10.17,35.0,24.83
bus,1013,859,ΠΕΙΡΑΙΑΣ-ΔΕΞΑΜΕΝΕΣ-ΝΕΟΣ ΜΩΛΟΣ ΔΡΑΠΕΤΣΩΝΑΣ (ΚΥΚΛΙΚΗ),5.38,30.0,24.62
bus,1400,828,ΠΕΙΡΑΙΑΣ - ΘΗΒΩΝ - ΣΤ. ΝΙΚΑΙΑ (ΚΥΚΛΙΚΗ),12.13,36.47,24.339999999999996
bus,1384,711,ΣΤ. ΑΤΤΙΚΗ - ΖΩΦΡΙΑ,11.55,35.0,23.45
bus,997,523,ΣΤΑΘΜΟΣ ΚΗΦΙΣΙΑΣ - ΑΔΑΜΕΣ Β (ΚΥΚΛΙΚΗ),6.55,30.0,23.45
bus,1057,651,ΨΥΧΙΚΟ - ΠΑΝΟΡΜΟΥ Α (ΚΥΚΛΙΚΗ),5.68,29.05,23.37
bus,1014,860,Π. ΦΑΛΗΡΟ - ΓΕΝ. ΚΡΑΤΙΚΟ ΝΙΚΑΙΑΣ - ΣΧΙΣΤΟ ΚΕΡΑΤΣΙΝΙΟΥ,11.78,35.0,23.22
bus,1000,526,ΣΤΑΘΜΟΣ ΚΗΦΙΣΙΑΣ - ΚΕΦΑΛΑΡΙ (ΚΥΚΛΙΚΗ),13.45,36.37,22.919999999999998
bus,1033,217,ΠΕΙΡΑΙΑΣ - ΑΓ. ΔΗΜΗΤΡΙΟΣ - ΣΤ. ΔΑΦΝΗ,12.72,35.38,22.660000000000004
bus,835,748,ΧΡΥΣΟΥΠΟΛΗ - ΑΝΘΟΥΠΟΛΗ - ΣΤ. ΠΕΡΙΣΤΕΡΙ (ΚΥΚΛΙΚΗ),1.67,24.17,22.5
bus,1053,411,ΣΤ. ΔΟΥΚ. ΠΛΑΚΕΝΤΙΑΣ - ΣΙΣΜΑΝΟΓΛΕΙΟ - ΧΑΛΑΝΔΡΙ (ΚΥΚΛΙΚΗ),4.82,27.13,22.31
bus,976,447,ΧΑΛΑΝΔΡΙ - ΑΝΩ ΒΡΙΛΗΣΣΙΑ,7.65,29.82,22.17
bus,1550,755Β,ΑΧΑΡΝΑΙ-ΚΟΚΚΙΝΟΣ ΜΥΛΟΣ-ΣΤ. ΚΑΤΩ ΠΑΤΗΣΙΑ (ΚΥΚΛΙΚΗ ΜΕΣΩ ΧΑΡΑΥΓΗΣ),21.38,43.25,21.87
bus,818,026,ΙΠΠΟΚΡΑΤΟΥΣ - ΒΟΤΑΝΙΚΟΣ,8.49,30.0,21.509999999999998
bus,1716,838,ΟΜΟΝΟΙΑ - ΡΕΝΤΗΣ - ΠΑΛ. ΚΟΚΚΙΝΙΑ - ΠΕΙΡΑΙΑΣ (ΚΥΚΛΙΚΗ),13.6,34.67,21.07
bus,1326,406,ΠΕΥΚΑΚΙΑ -ΣΤ.ΔΟΥΚ.ΠΛΑΚΕΝΤΙΑΣ- ΣΤ.ΝΟΜΙΣΜΑΤΟΚΟΠΕΙΟ (ΚΥΚΛΙΚΗ),6.34,27.19,20.85
bus,1060,451,ΣΤ. ΧΑΛΑΝΔΡΙ - Ν. ΠΕΝΤΕΛΗ - ΧΑΛΑΝΔΡΙ (ΚΥΚΛΙΚΗ),5.0,25.73,20.73
bus,907,733,ΑΧΑΡΝΑΙ - ΑΝΩ ΛΙΟΣΙΑ (ΚΥΚΛΙΚΗ),19.28,40.0,20.72
bus,1085,18,ΜΟΥΣΕΙΟ - ΧΑΛΑΝΔΡΙ (ΜΕΣΩ ΕΘΝ. ΑΝΤΙΣΤΑΣΕΩΣ),13.05,33.52,20.470000000000002
bus,851,130,ΠΕΙΡΑΙΑΣ - Ν. ΣΜΥΡΝΗ (ΚΥΚΛΙΚΗ),10.19,30.5,20.310000000000002
bus,1062,461,ΣΤ. ΧΑΛΑΝΔΡΙ - Π. ΠΕΝΤΕΛΗ - ΧΑΛΑΝΔΡΙ (ΚΥΚΛΙΚΗ),5.63,25.72,20.09
bus,1034,229,ΠΕΙΡΑΙΑΣ - ΑΓ. ΔΗΜΗΤΡΙΟΣ - ΣΤ. ΔΑΦΝΗ,15.0,35.0,20.0
bus,978,527,ΠΕΥΚΗ - ΝΕΡΑΤΖΙΩΤΙΣΣΑ (ΚΥΚΛΙΚΗ),15.0,35.0,20.0
bus,1646,314,Β* ΣΤ. ΔΟΥΚ. ΠΛΑΚΕΝΤΙΑΣ - ΠΑΛΛΗΝΗ - Ν. ΒΟΥΤΖΑΣ (2ο Γυμνάσιο),32.28,51.78,19.5
bus,1001,524,ΣΤΑΘΜΟΣ ΚΗΦΙΣΙΑΣ - ΠΟΛΙΤΕΙΑ (ΚΥΚΛΙΚΗ),15.0,34.5,19.5
bus,1272,314,ΣΤ. ΔΟΥΚ. ΠΛΑΚΕΝΤΙΑΣ - ΠΑΛΛΗΝΗ - ΡΑΦΗΝΑ,18.35,37.36,19.009999999999998
bus,845,731,ΑΝΘΟΥΠΟΛΗ - ΣΤ. Μ. ΑΝΘΟΥΠΟΛΗ - ΑΤΤΙΚΟ ΝΟΣ. - ΔΑΣΟΣ,6.02,25.0,18.98
bus,817,025,ΙΠΠΟΚΡΑΤΟΥΣ - ΠΡΟΦΗΤΗ ΔΑΝΙΗΛ,11.07,30.0,18.93
bus,1059,450,ΣΤ. ΧΑΛΑΝΔΡΙ - ΧΑΛΑΝΔΡΙ - Ν. ΠΕΝΤΕΛΗ,7.26,25.73,18.47
bus,1041,307,ΣΤ. Δ.ΠΛΑΚΕΝΤΙΑΣ - ΓΛ. ΝΕΡΑ - ΣΤ.ΠΡΟΑΣΤ. ΚΟΡΩΠΙ,11.75,30.0,18.25
bus,1486,124,ΓΛΥΦΑΔΑ - ΑΓΙΑ ΤΡΙΑΔΑ - ΣΤ. ΑΡΓΥΡΟΥΠΟΛΗΣ (ΚΥΚΛΙΚΗ),5.13,23.0,17.87
bus,982,642,ΗΡΑΚΛΕΙΟ - ΑΓ. ΝΕΚΤΑΡΙΟΣ - ΠΕΥΚΗ (ΚΥΚΛΙΚΗ),7.2,25.0,17.8
bus,1007,653,ΨΥΧΙΚΟ - ΠΑΝΟΡΜΟΥ Β (ΚΥΚΛΙΚΗ),12.29,30.0,17.71
bus,1061,460,ΣΤ. ΧΑΛΑΝΔΡΙ - ΧΑΛΑΝΔΡΙ - Π. ΠΕΝΤΕΛΗ,8.81,25.62,16.810000000000002
bus,1197,833,ΕΥΓΕΝΕΙΑ-ΧΑΡΑΥΓΗ-ΠΕΙΡΑΙΑΣ Β (ΚΥΚΛΙΚΗ),8.28,25.0,16.72
bus,927,128,ΓΛΥΦΑΔΑ - ΤΕΡΨΙΘΕΑ (ΚΥΚΛΙΚΗ),11.97,28.63,16.659999999999997
bus,1381,19Β,ΜΟΥΣΕΙΟ - ΧΑΛΑΝΔΡΙ (ΣΙΔΕΡΑ) (ΚΥΚΛΙΚΗ),14.27,30.92,16.650000000000002
bus,886,750,ΑΤΤΙΚΟ ΝΟΣΟΚΟΜΕΙΟ - ΣΤ. ΜΕΤΡΟ ΑΙΓΑΛΕΩ - ΝΙΚΑΙΑ,3.75,20.0,16.25
bus,1137,832,ΕΥΓΕΝΕΙΑ-ΧΑΡΑΥΓΗ-ΠΕΙΡΑΙΑΣ Α (ΚΥΚΛΙΚΗ),8.77,25.0,16.23
bus,984,640,ΤΟΠΙΚΗ ΗΡΑΚΛΕΙΟΥ (ΚΥΚΛΙΚΗ),5.0,21.03,16.03
bus,999,530,ΣΤΑΘΜΟΣ ΚΗΦΙΣΙΑΣ - ΜΕΛΙΣΣΙΑ - Ν. ΠΕΝΤΕΛΗ,4.28,20.0,15.719999999999999
bus,953,304,ΣΤ. ΝΟΜΙΣΜΑΤΟΚΟΠΕΙΟ - ΑΡΤΕΜΙΣ (ΒΡΑΥΡΩΝΑ),9.37,25.0,15.63
bus,954,305,ΣΤ. ΝΟΜΙΣΜΑΤΟΚΟΠΕΙΟ - ΑΡΤΕΜΙΣ (ΑΓ. ΝΙΚΟΛΑΟΣ),9.38,25.0,15.62
bus,1069,1,ΠΛ. ΑΤΤΙΚΗΣ - ΚΑΛΛΙΘΕΑ - ΜΟΣΧΑΤΟ,9.38,25.0,15.62
bus,827,855,ΨΑΡΙ - ΑΣΠΡΟΠΥΡΓΟΣ - ΛΟΦΟΣ ΚΥΡΙΛΛΟΥ,4.4,20.0,15.6
bus,1417,735,ΑΧΑΡΝΑΙ - ΖΕΦΥΡΙ - ΣΤ. ΚΑΤΩ ΠΑΤΗΣΙΑ (ΚΥΚΛΙΚΗ),8.65,24.23,15.58
bus,875,852,ΝΕΑΠΟΛΗ - ΣΤ. ΜΕΤΡΟ ΑΙΓΑΛΕΩ (ΚΥΚΛΙΚΗ),5.47,21.0,15.530000000000001
bus,948,212,ΣΤ. ΔΑΦΝΗ - ΥΜΗΤΤΟΣ - ΒΥΡΩΝΑΣ - ΚΑΡΕΑΣ,10.97,26.48,15.51
bus,1027,126,ΠΑΛ. ΦΑΛΗΡΟ - ΣΤ. ΣΥΓΓΡΟΥ ΦΙΞ (ΚΥΚΛΙΚΗ),4.65,20.0,15.35
bus,1158,25,ΣΤ. ΑΓ. ΑΝΤΩΝΙΟΣ - ΙΛΙΟΝ - ΚΑΜΑΤΕΡΟ (ΚΥΚΛΙΚΗ),9.87,25.0,15.13
bus,1373,720,ΑΝΑΚΑΣΑ - ΑΓ. ΑΝΑΡΓΥΡΟΙ - ΣΤ. ΑΤΤΙΚΗ (ΚΥΚΛΙΚΗ),4.46,19.48,15.02
bus,987,701,ΚΑΜΑΤΕΡΟ - ΙΛΙΟΝ - ΣΤ. ΑΝΘΟΥΠΟΛΗ (ΚΥΚΛΙΚΗ),10.0,25.0,15.0
bus,934,815,ΓΟΥΔΗ - ΤΑΥΡΟΣ,10.0,25.0,15.0
bus,918,721,ΑΧΑΡΝΑΙ - ΚΗΦΙΣΙΑ (ΚΥΚΛΙΚΗ),4.55,19.48,14.93
bus,962,Α1,ΠΕΙΡΑΙΑΣ - ΒΟΥΛΑ,8.53,23.38,14.85
bus,1055,446,ΣΤ. ΑΜΑΡΟΥΣΙΟΥ - ΝΟΣΟΚ. ΠΕΝΤΕΛΗΣ (ΜΕΣΩ ΠΙΚΠΑ),9.27,23.9,14.629999999999999
bus,929,116,ΓΛΥΦΑΔΑ - ΒΑΡΗ - ΚΙΤΣΙ,5.45,20.0,14.55
bus,935,622,ΓΟΥΔΗ - ΑΝΩ ΓΑΛΑΤΣΙ,10.63,25.0,14.37
bus,1720,209,ΥΜΗΤΤΟΣ - ΜΕΤΑΜΟΡΦΩΣΗ - ΣΥΝΤΑΓΜΑ (ΚΥΚΛΙΚΗ),4.88,19.21,14.330000000000002
bus,914,507,ΖΗΡΙΝΕΙΟ - ΡΟΔΟΠΟΛΗ - ΣΤΑΜΑΤΑ,10.0,24.22,14.219999999999999
bus,802,405,ΣΤ. ΧΑΛΑΝΔΡΙ - ΜΕΛΙΣΣΙΑ (ΚΥΚΛΙΚΗ),11.55,25.42,13.870000000000001
bus,1131,709,ΤΟΠΙΚΟ ΔΡΟΣΟΥΠΟΛΗΣ,6.2,20.0,13.8
bus,905,728,ΑΧΑΡΝΑΙ- ΑΓ.ΠΕΤΡΟΣ- ΑΓ.ΙΩΑΝΝΗΣ-ΠΛΑΤΩΝΑΣ (ΚΥΚΛΙΚΗ),16.35,30.08,13.729999999999997
bus,847,227,ΑΝΩ ΠΕΤΡΑΛΩΝΑ - ΑΓ. ΑΡΤΕΜΙΟΣ,6.62,20.3,13.68
bus,1401,806,ΣΧΙΣΤΟ - ΚΑΡΑΒΑΣ  - ΣΤ. ΚΟΡΥΔΑΛΛΟΣ (ΚΥΚΛΙΚΗ),6.35,20.0,13.65
bus,1327,407,ΣΤ.ΔΟΥΚ.ΠΛΑΚΕΝΤΙΑΣ- Ν. ΖΩH-ΣΤ.ΝΟΜΙΣΜΑΤΟΚΟΠΕΙΟ (ΚΥΚΛΙΚΗ),6.63,20.0,13.370000000000001
bus,1031,136,ΑΝΩ Ν. ΣΜΥΡΝΗ Β - ΣΤ. ΣΥΓΓΡΟΥ ΦΙΞ (ΚΥΚΛΙΚΗ),7.77,21.13,13.36
bus,1129,324,ΑΝΘΟΥΣΑ-ΠΑΛΛΗΝΗ-ΚΑΝΤΖΑ (ΚΥΚΛΙΚΗ),31.26,44.45,13.190000000000001
bus,1004,221,ΠΑΝΕΠΙΣΤΗΜΙΟΥΠΟΛΗ - ΑΚΑΔΗΜΙΑ (ΚΥΚΛΙΚΗ),7.84,21.0,13.16
bus,1030,137,ΑΝΩ Ν. ΣΜΥΡΝΗ Α - ΣΤ. ΣΥΓΓΡΟΥ ΦΙΞ (ΚΥΚΛΙΚΗ),7.68,20.73,13.05
bus,1376,060,ΑΚΑΔΗΜΙΑ - ΛΥΚΑΒΗΤΤΟΣ (ΚΥΚΛΙΚΗ),12.68,25.51,12.830000000000002
bus,1397,800,ΝΙΚΑΙΑ - ΣΤ. ΝΙΚΑΙΑ (ΚΥΚΛΙΚΗ),12.17,25.0,12.83
bus,1404,837,ΑΓΙΑ ΒΑΡΒΑΡΑ - ΣΤ.ΑΓ.ΒΑΡΒΑΡΑ - ΣΤ.ΑΓ.ΜΑΡΙΝΑ (ΚΥΚΛΙΚΗ),2.27,15.0,12.73
bus,937,140,ΠΟΛΥΓΩΝΟ - ΓΛΥΦΑΔΑ,7.95,20.67,12.720000000000002
bus,1147,727,ΜΕΣΟΝΥΧΙ - ΑΓ. ΚΩΝΣΤΑΝΤΙΝΟΣ - ΑΓ.ΠΑΡΑΣΚΕΥΗ (ΚΥΚΛΙΚΗ),12.47,25.0,12.53
bus,1488,154,ΠΑΝ/ΜΑ ΒΟΥΛΑΣ - Α. ΓΛΥΦΑΔΑ - ΣΤ. ΑΡΓΥΡΟΥΠΟΛΗ (ΚΥΚΛΙΚΗ),7.48,20.0,12.52
bus,1357,409,ΠΑΠΑΓΟΥ - ΣΤ. ΕΘΝ. ΑΜΥΝΑ  (ΚΥΚΛΙΚΗ),7.5,20.0,12.5
bus,822,605,ΠΕΡΙΣΣΟΣ - ΑΝΩ ΠΑΤΗΣΙΑ (ΚΥΚΛΙΚΗ),7.54,20.0,12.46
bus,981,602,Ν. ΙΩΝΙΑ - ΚΑΛΟΓΡΕΖΑ - ΣΤΑΘ. ΠΑΝΟΡΜΟΥ (ΚΥΚΛΙΚΗ),3.77,16.12,12.350000000000001
bus,1187,509,ΖΗΡΙΝΕΙΟ - ΑΓ. ΣΤΕΦΑΝΟΣ - ΚΡΥΟΝΕΡΙ,8.48,20.83,12.349999999999998
bus,885,300,ΠΛ. ΚΑΡΑΪΣΚΑΚΗ - ΤΖΑΝΕΙΟ (ΚΥΚΛΙΚΗ),7.77,20.0,12.23
bus,1539,122,ΣΤ. ΑΡΓΥΡΟΥΠΟΛΗ - ΣΑΡΩΝΙΔΑ,7.82,20.0,12.18
bus,985,610,ΦΙΛΟΘΕΗ - ΑΜΠΕΛΟΚΗΠΟΙ (ΚΥΚΛΙΚΗ),12.85,25.0,12.15
bus,1729,205,ΓΛΥΦΑΔΑ - ΣΟΥΡΜΕΝΑ - ΤΕΡΨΙΘΕΑ (ΚΥΚΛΙΚΗ),10.0,22.15,12.149999999999999
bus,823,704,ΚΑΜΑΤΕΡΟ - ΠΛ. ΑΓ. ΑΝΑΡΓΥΡΩΝ (ΚΥΚΛΙΚΗ),7.9,20.0,12.1
bus,1449,109,ΣΤ. ΑΓ. ΔΗΜΗΤΡΙΟΣ - ΑΝΩ ΚΑΛΑΜΑΚΙ (ΚΥΚΛΙΚΗ),7.92,20.0,12.08
bus,1244,700,ΠΕΤΡΟΥΠΟΛΗ (ΑΓ. ΤΡΙΑΔΑ)-ΣΤ. ΑΝΘΟΥΠΟΛΗ (ΚΥΚΛΙΚΗ),7.93,20.0,12.07
bus,831,046,ΜΟΥΣΕΙΟ - ΕΛΛΗΝΟΡΩΣΩΝ,7.93,20.0,12.07
bus,1367,866,ΑΣΠΡΟΠΥΡΓΟΣ - ΣΤ. ΑΓ. ΜΑΡΙΝΑ (ΚΥΚΛΙΚΗ),3.1,15.0,11.9
bus,916,536,ΖΗΡΙΝΕΙΟ - ΔΙΟΝΥΣΟΣ,8.17,20.0,11.83
bus,1652,814,ΣΧΙΣΤΟ ΚΑΡΑΒΑΣ - ΠΕΙΡΑΙΑΣ (ΚΥΚΛΙΚΗ),3.82,15.65,11.83
bus,1081,24,ΠΕΤΡΟΥΠΟΛΗ - ΙΛΙΟΝ - ΣΤ. ΑΓ. ΑΝΤΩΝΙΟΣ (ΚΥΚΛΙΚΗ),7.89,19.72,11.829999999999998
bus,872,845,ΠΕΙΡΑΙΑΣ - ΕΛΕΥΣΙΝΑ (ΜΕΣΩ ΘΗΒΩΝ),8.2,20.0,11.8
bus,1065,740,ΟΛΥΜΠ. ΧΩΡΙΟ - ΣΚΑ - ΑΧΑΡΝΑΙ - ΑΓ. ΑΝΝΑ (ΚΥΚΛΙΚΗ),8.27,20.0,11.73
bus,991,876,ΕΛΕΥΣΙΝΑ - ΣΤ. ΑΓ. ΜΑΡΙΝΑ (ΚΥΚΛΙΚΗ),3.32,15.0,11.68
bus,989,730,ΛΟΦΟΣ ΑΞΙΩΜΑΤΙΚΩΝ - ΣΤ. ΑΓ. ΑΝΤΩΝΙΟΣ - ΖΩΟΔ. ΠΗΓΗ,8.33,20.0,11.67
bus,1074,15,ΠΕΤΡΑΛΩΝΑ - ΔΙΚΑΣΤΗΡΙΑ - ΕΛ. ΒΕΝΙΖΕΛΟΥ,8.47,20.0,11.53
bus,861,807,ΑΝΩ ΚΟΡΥΔΑΛΛΟΣ - ΣΤ. ΜΕΤΡΟ ΑΙΓΑΛΕΩ (ΚΥΚΛΙΚΗ),8.48,20.0,11.52
bus,810,863,ΕΛΕΥΣΙΝΑ - ΘΡΙΑΣΙΟ ΝΟΣ. - ΜΑΝΔΡΑ ,8.63,20.0,11.37
bus,917,535,ΖΗΡΙΝΕΙΟ - ΕΥΞΕΙΝΟΣ ΠΟΝΤΟΣ (ΚΥΚΛΙΚΗ),13.69,25.0,11.31
bus,808,813,ΑΒΕΡΩΦ - ΠΡΟΥΣΣΗΣ,5.0,16.13,11.129999999999999
bus,1740,Β11,ΠΛ. ΒΑΘΗ - ΙΛΙΟΝ - ΠΕΤΡΟΥΠΟΛΗ,8.88,20.0,11.12
bus,1026,106,ΑΓ. ΒΑΡΒΑΡΑ - ΣΤ. ΣΥΓΓΡΟΥ ΦΙΞ (ΚΥΚΛΙΚΗ),8.88,20.0,11.12
bus,1133,725,ΑΧΑΡΝΑΙ (ΜΕΣΟΝΥΧΙ) - ΘΡΑΚΟΜΑΚΕΔΟΝΕΣ (ΠΛ.ΑΡΙΣΤΟΤΕΛΟΥΣ)  (ΚΥΚΛΙΚΗ),38.9,50.0,11.100000000000001
bus,909,752,ΑΧΑΡΝΑΙ - ΑΓ. ΙΩΑΝΝΗΣ - ΑΓ. ΠΕΤΡΟΣ (ΚΥΚΛΙΚΗ),10.0,20.7,10.7
bus,1715,827,ΠΕΙΡΑΙΑΣ - ΑΣΠΡΑ ΧΩΜΑΤΑ - ΣΤ. ΝΙΚΑΙΑ (ΚΥΚΛΙΚΗ),9.38,20.0,10.62
bus,990,747,ΠΕΤΡΟΥΠΟΛΗ - ΠΑΝΟΡΑΜΑ - ΣΤ. ΑΝΘΟΥΠΟΛΗ (ΚΥΚΛΙΚΗ),9.45,20.0,10.55
bus,899,821,ΑΓΙΑ ΑΝΑΣΤΑΣΙΑ - ΣΤ. ΑΓ. ΑΝΤΩΝΙΟΣ (ΚΥΚΛΙΚΗ),9.53,20.0,10.47
bus,1739,Α11,ΠΛ. ΒΑΘΗ - ΙΛΙΟΝ - ΠΕΤΡΟΥΠΟΛΗ (ΜΕΣΩ ΠΑΝΟΡΑΜΑΤΟΣ),9.6,20.0,10.4
bus,879,856,ΑΙΓΑΛΕΩ - ΥΜΗΤΤΟΣ - ΔΑΦΝΗ,4.62,15.0,10.379999999999999
bus,1063,619,ΜΕΤΑΜΟΡΦΩΣΗ - Ν. ΦΙΛΑΔΕΛΦΕΙΑ - ΣΤ. ΑΝΩ ΠΑΤΗΣΙΑ (ΚΥΚΛΙΚΗ),9.69,20.0,10.31
bus,1164,420,ΠΕΙΡΑΙΑΣ - ΑΓ. ΑΝΑΡΓΥΡΟΙ  (ΜΕΣΩ ΚΗΦΙΣΟΥ) ,7.48,17.77,10.29
bus,1649,846,ΝΕΑΠΟΛΗ -  ΣΤ. ΝΙΚΑΙΑ (ΚΥΚΛΙΚΗ),4.83,15.0,10.17
bus,1042,306,ΣΤ.ΔΟΥΚ.ΠΛΑΚΕΝΤΙΑΣ-ΔΗΜ.ΓΕΡΑΚΑ-ΜΠΑΛΑΝΑ ΓΕΡΑΚΑ (ΚΥΚΛΙΚΗ),25.0,35.0,10.0
bus,1247,706,ΣΤ. ΑΓ. ΑΝΤΩΝΙΟΣ-ΙΛΙΟΝ (ΜΕΣΩ Λ. ΑΝ. ΠΑΠΑΝΔΡΕΟΥ),10.0,20.0,10.0
bus,812,817,ΕΛΕΥΣΙΝΑ - ΜΑΝΔΡΑ,10.0,20.0,10.0
bus,1422,Α3,ΑΚΑΔΗΜΙΑ - ΓΛΥΦΑΔΑ (ΜΕΣΩ Λ. ΒΟΥΛΙΑΓΜΕΝΗΣ),5.0,15.0,10.0
bus,1700,112,ΑΓ. ΔΗΜΗΤΡΙΟΣ - ΣΤ. ΔΑΦΝΗ (ΑΠΟ ΣΤΑΣΗ ΜΑΚΡΥΓΙΑΝΝΗ),5.0,15.0,10.0
bus,924,164,ΣΤ. ΑΓ. ΔΗΜΗΤΡΙΟΣ - Κ. ΗΛ/ΠΟΛΗ - ΑΡΓ/ΠΟΛΗ - ΤΕΡΨΙΘΕΑ,5.0,15.0,10.0
bus,804,036,ΣΤ. ΚΑΤΕΧΑΚΗ-ΣΤ. ΠΑΝΟΡΜΟΥ-ΓΑΛΑΤΣΙ-ΚΥΨΕΛΗ (ΚΥΚΛΙΚΗ),7.57,17.48,9.91
bus,1076,16,ΑΓ. ΙΩΑΝΝΗΣ ΡΕΝΤΗΣ - ΠΕΙΡΑΙΑΣ (ΚΥΚΛΙΚΗ),6.47,16.2,9.73
bus,1050,402,ΣΤ. ΚΑΤΕΧΑΚΗ - ΠΟΛΥΔΡΟΣΟ,10.52,20.0,9.48
bus,1079,11,ΑΝΩ ΠΑΤΗΣΙΑ - Ν. ΠΑΓΚΡΑΤΙ - Ν. ΕΛΒΕΤΙΑ,5.6,15.0,9.4
bus,1396,841,ΠΕΡΑΜΑ - ΣΤ. ΝΙΚΑΙΑ (ΚΥΚΛΙΚΗ),7.75,17.0,9.25
bus,1395,842,ΠΕΡΑΜΑ - ΣΤ.ΚΟΡΥΔΑΛΛΟΣ (ΚΥΚΛΙΚΗ),7.95,17.0,9.05
bus,1058,Α5,ΑΚΑΔΗΜΙΑ - ΑΓ. ΠΑΡΑΣΚΕΥΗ - ΑΝΘΟΥΣΑ,5.97,15.0,9.030000000000001
bus,965,Α7,ΣΤΟΥΡΝΑΡΗ - ΚΗΦΙΣΙΑ (ΠΛΑΤΕΙΑ ΠΛΑΤΑΝΟΥ),6.07,15.0,8.93
bus,1435,703,ΠΕΙΡΑΙΑΣ - ΑΓ. ΑΝΑΡΓΥΡΟΙ - ΑΓ. ΕΛΕΥΘΕΡΙΟΣ (ΜΕΣΩ ΘΗΒΩΝ),6.08,15.0,8.92
bus,1402,809,ΣΧΙΣΤO - ΣΤ.ΝΙΚΑΙΑ - ΣΤ.ΚΟΡΥΔΑΛΛΟΣ (ΚΥΚΛΙΚΗ),6.1,15.0,8.9
bus,1070,2,ΑΝΩ ΚΥΨΕΛΗ - ΠΑΓΚΡΑΤΙ - ΚΑΙΣΑΡΙΑΝΗ,6.28,15.08,8.8
bus,1083,20,Ν. ΦΑΛΗΡΟ - ΚΑΣΤΕΛΛΑ - ΔΡΑΠΕΤΣΩΝΑ,7.48,16.21,8.73
bus,1653,909,ΑΓ. ΒΑΣΙΛΕΙΟΣ - ΑΓ. ΣΟΦΙΑ - ΚΡΑΤ. ΝΙΚΑΙΑΣ,6.28,15.0,8.719999999999999
bus,1035,218,ΠΕΙΡΑΙΑΣ - ΣΤ. ΔΑΦΝΗ,6.35,15.0,8.65
bus,1650,810,ΣΧΙΣΤΟ - ΣΤ. ΚΟΡΥΔΑΛΛΟΣ (ΚΥΚΛΙΚΗ),6.95,15.6,8.649999999999999
bus,1721,211,ΥΜΗΤΤΟΣ - ΜΕΤΑΜΟΡΦΩΣΗ - ΑΚΑΔΗΜΙΑ (ΚΥΚΛΙΚΗ),7.52,15.96,8.440000000000001
bus,846,410,Ο.Α.Κ.Α. - ΑΝΩ ΜΕΛΙΣΣΙΑ (ΚΥΚΛΙΚΗ),11.58,20.0,8.42
bus,1021,Β10,ΣΤΑΘΜΟΣ ΛΑΡΙΣΗΣ - ΑΧΑΡΝΑΙ (ΜΕΣΩ ΑΡΙΣΤΟΤΕΛΟΥΣ),7.77,16.0,8.23
bus,862,811,ΧΑΪΔΑΡΙ - ΣΤ. ΑΓΙΑ ΜΑΡΙΝΑ (ΚΥΚΛΙΚΗ),6.8,15.0,8.2
bus,1175,131,ΑΜΑΞ. ΑΓ. ΔΗΜΗΤΡΙΟΥ - ΣΤ. ΔΑΦΝΗΣ (ΚΥΚΛΙΚΗ),6.81,15.0,8.190000000000001
bus,1489,171,ΒΑΡΚΙΖΑ - ΣΤ. ΑΡΓΥΡΟΥΠΟΛΗ (ΚΥΚΛΙΚΗ),6.82,15.0,8.18
bus,903,Β15,ΣΤ. ΛΑΡΙΣΗΣ - ΠΑΛΑΤΑΚΙ,21.83,30.0,8.170000000000002
bus,1023,Β9,ΧΑΛΚΟΚΟΝΔΥΛΗ - ΜΕΤΑΜΟΡΦΩΣΗ - Ν. ΚΗΦΙΣΙΑ,6.23,14.38,8.15
bus,1086,17,ΠΕΙΡΑΙΑΣ - ΑΓ. ΓΕΩΡΓΙΟΣ (ΚΥΚΛΙΚΗ),6.92,15.0,8.08
bus,819,049,ΠΕΙΡΑΙΑΣ - ΟΜΟΝΟΙΑ,6.93,15.0,8.07
bus,832,Γ12,ΚΑΜΑΤΕΡΟ - ΑΓ. ΝΙΚΟΛΑΟΣ - ΙΛΙΟΝ - ΠΟΛΥΤΕΧΝΕΙΟ (ΚΥΚΛΙΚΗ),6.95,15.0,8.05
bus,926,203,ΚΑΡΕΑΣ - ΑΚΑΔΗΜΙΑ (ΚΥΚΛΙΚΗ),6.99,15.0,8.01
bus,1080,12,ΖΑΠΠΕΙΟ - ΠΕΡΙΣΤΕΡΙ (ΑΓ. ΙΕΡΟΘΕΟΣ),7.03,15.0,7.97
bus,1077,10,ΤΖΙΤΖΙΦΙΕΣ - ΧΑΛΑΝΔΡΙ,7.07,15.0,7.93
bus,1071,4,ΑΝΩ ΚΥΨΕΛΗ - ΑΓ. ΑΡΤΕΜΙΟΣ - ΣΤ. ΑΓ. ΙΩΑΝΝΗΣ,7.28,15.13,7.8500000000000005
bus,1421,Α2,ΑΚΑΔΗΜΙΑ - ΒΟΥΛΑ (ΜΕΣΩ Λ. ΑΜΦΙΘΕΑΣ),6.43,14.22,7.790000000000001
bus,1020,Α10,ΣΤΑΘΜΟΣ ΛΑΡΙΣΗΣ - ΑΧΑΡΝΑΙ,8.23,15.97,7.74
bus,932,117,ΓΛΥΦΑΔΑ - ΒΟΥΛΙΑΓΜΕΝΗ - ΒΑΡΗ,8.2,15.75,7.550000000000001
bus,1015,904,ΠΛ. ΚΑΡΑΪΣΚΑΚΗ - ΣΤ. ΠΕΙΡΑΙΑ - ΦΡΕΑΤΤΥΔΑ (ΚΥΚΛΙΚΗ),7.86,15.37,7.509999999999999
bus,837,719,ΚΗΠΟΥΠΟΛΗ - ΠΑΛΑΤΙΑΝΗ - ΣΤ. ΛΑΡΙΣΗΣ (ΚΥΚΛΙΚΗ),7.52,15.0,7.48
bus,1073,6,ΙΠΠΟΚΡΑΤΟΥΣ - ΚΟΣΜΑΣ ΑΙΤΩΛΟΣ - Ν. ΦΙΛΑΔΕΛΦΕΙΑ,7.65,15.0,7.35
bus,1648,830,ΑΓ. ΒΑΡΒΑΡΑ - ΣΤ. ΚΟΡΥΔΑΛΛΟΣ (ΚΥΚΛΙΚΗ),7.67,15.0,7.33
bus,1406,826,ΠΕΙΡΑΙΑΣ - ΑΓ. ΜΗΝΑΣ (ΚΥΚΛΙΚΗ),3.03,10.35,7.32
bus,874,831,ΠΕΙΡΑΙΑΣ - ΑΙΓΑΛΕΩ,2.69,10.0,7.3100000000000005
bus,1068,3,Ν. ΦΙΛΑΔΕΛΦΕΙΑ - ΑΝΩ ΠΑΤΗΣΙΑ - ΝΕΟ ΨΥΧΙΚΟ,5.22,12.47,7.250000000000001
bus,1236,416,ΣΤ.ΕΘΝ.ΑΜΥΝΑΣ - ΧΟΛΑΡΓΟΣ (ΚΥΚΛΙΚΗ),7.82,15.0,7.18
bus,1586,504,ΘΡΑΚΟΜΑΚΕΔΟΝΕΣ - ΚΗΦΙΣΙΑ (ΚΥΚΛΙΚΗ),7.9,15.0,7.1
bus,867,723,ΦΥΛΗ - ΑΝΩ ΛΙΟΣΙΑ (ΚΥΚΛΙΚΗ),7.95,15.0,7.05
bus,1546,732,ΙΛΙΟΝ - ΑΓ. ΦΑΝΟΥΡΙΟΣ - ΑΚΑΔΗΜΙΑ (ΚΥΚΛΙΚΗ),1.95,9.0,7.05
bus,878,824,ΝΕΑΠΟΛΗ - ΑΓ. ΑΝΤΩΝΙΟΣ - ΠΕΙΡΑΙΑΣ Α (ΚΥΚΛΙΚΗ),2.72,9.7,6.979999999999999
bus,961,910,ΣΤ. ΣΥΓΓΡΟΥ ΦΙΞ - ΤΖΙΤΖΙΦΙΕΣ (ΚΥΚΛΙΚΗ),8.17,15.0,6.83
bus,1237,418,ΣΤ. ΕΘΝΙΚΗΣ ΑΜΥΝΑΣ-ΣΧΟΛ. ΧΟΛΑΡΓΟΥ (ΚΥΚΛΙΚΗ),8.28,15.09,6.8100000000000005
bus,1039,302,ΣΤ. ΔΟΥΚ. ΠΛΑΚΕΝΤΙΑΣ - ΓΕΡΑΚΑΣ (ΚΥΚΛΙΚΗ),8.27,15.0,6.73
bus,1173,237,ΑΝΩ ΗΛΙΟΥΠΟΛΗ - ΣΤ. ΔΑΦΝΗΣ (ΚΥΚΛΙΚΗ),5.27,11.82,6.550000000000001
bus,1010,818,ΛΙΜ. ΠΕΡΑΜΑΤΟΣ - ΑΝΩ ΠΕΡΑΜΑ (ΚΥΚΛΙΚΗ),8.58,15.0,6.42
bus,1072,5,ΛΑΜΠΡΙΝΗ - ΠΛ. ΣΥΝΤΑΓΜΑΤΟΣ - ΤΖΙΤΖΙΦΙΕΣ,5.55,11.77,6.22
bus,1450,Β2,ΣΤ. ΣΥΓΓΡΟΥ ΦΙΞ - ΑΓ.ΚΟΣΜΑΣ (ΜΕΣΩ ΠΑΡΑΛΙΑΚΗΣ) (ΚΥΚΛΙΚΗ),8.98,15.0,6.02
bus,1024,Β5,ΣΤ. ΛΑΡΙΣΗΣ - Λ. ΑΛΕΞΑΝΔΡΑΣ - ΑΓ. ΠΑΡΑΣΚΕΥΗ,5.78,11.73,5.95
bus,1082,21,ΝΙΚΑΙΑ - Π. ΡΑΛΛΗ - ΟΜΟΝΟΙΑ (ΚΥΚΛΙΚΗ),4.37,10.1,5.7299999999999995
bus,1399,820,ΚΕΡΑΤΣΙΝΙ - ΣΤ.ΝΙΚΑΙΑ - ΔΡΑΠΕΤΣΩΝΑ (ΚΥΚΛΙΚΗ),9.75,15.37,5.619999999999999
bus,824,057,ΛΟΦΟΣ ΣΚΟΥΖΕ - ΟΜΟΝΟΙΑ (ΚΥΚΛΙΚΗ),9.5,15.0,5.5
bus,1556,054,ΠΕΡΙΣΣΟΣ - ΛΑΜΠΡΙΝΗ - ΟΜΟΝΟΙΑ (ΚΥΚΛΙΚΗ),6.55,11.93,5.38
bus,854,871,ΠΕΙΡΑΙΑΣ - ΕΛΕΥΣΙΝΑ (ΜΕΣΩ Λ. ΕΘΝ. ΑΝΤΙΣΤΑΣΕΩΣ),20.0,25.25,5.25
bus,1172,206,ΑΓ.ΜΑΡΙΝΑ - ΣΤ. ΔΑΦΝΗΣ (ΚΥΚΛΙΚΗ),5.0,10.23,5.23
bus,1018,915,ΛΟΦΟΣ ΒΩΚΟΥ - ΠΡ. ΗΛΙΑΣ (ΚΥΚΛΙΚΗ),5.0,10.12,5.119999999999999
bus,1047,319,ΣΤ. ΔΟΥΚ. ΠΛΑΚΕΝΤΙΑΣ - ΠΑΛΛΗΝΗ - ΕΚΠΤ. ΧΩΡΙΟ ΣΠΑΤΑ (ΚΥΚΛΙΚΗ),10.0,15.0,5.0
bus,1643,829,ΠΑΔΑ ΑΡΧΑΙΟΣ ΕΛΑΙΩΝΑΣ - ΣΤ.ΑΙΓΑΛΕΩ - ΠΑΔΑ ΑΛΣΟΣ ΑΙΓΑΛΕΩ (ΚΥΚΛΙΚΗ),10.0,15.0,5.0
bus,866,Α13,ΟΜΟΝΟΙΑ - ΚΗΠΟΥΠΟΛΗ,5.0,10.0,5.0
bus,955,308,ΣΤ. ΝΟΜΙΣΜΑΤΟΚΟΠΕΙΟ - ΠΑΙΑΝΙΑ - ΚΟΡΩΠΙ,5.0,10.0,5.0
bus,967,421,ΑΓ. ΑΝΑΡΓΥΡΟΙ - ΑΓ. ΠΑΡΑΣΚΕΥΗ,5.47,10.43,4.96
bus,1523,051,ΣΤ. ΥΠΕΡ. ΛΕΩΦ. ΚΗΦΙΣΟΥ - ΟΜΟΝΟΙΑ (ΜΕΣΩ ΑΚΑΔ. ΠΛΑΤ.)(ΚΥΚΛΙΚΗ),3.15,8.0,4.85
bus,969,843,ΠΕΙΡΑΙΑΣ - ΠΕΡΑΜΑ,4.68,9.5,4.82
bus,1363,214,ΖΩΟΔΟΧΟΣ ΠΗΓΗ - ΑΚΑΔΗΜΙΑ (ΚΥΚΛΙΚΗ),4.46,9.28,4.819999999999999
bus,840,Α15,ΣΤ. ΛΑΡΙΣΗΣ - ΔΑΣΟΣ,3.63,8.38,4.750000000000001
bus,799,224,ΚΑΙΣΑΡΙΑΝΗ - ΕΛ. ΒΕΝΙΖΕΛΟΥ,5.25,10.0,4.75
bus,975,230,ΑΚΡΟΠΟΛΗ - ΖΩΓΡΑΦΟΥ,6.02,10.67,4.65
bus,833,Α8,ΠΟΛΥΤΕΧΝΕΙΟ - Ν. ΙΩΝΙΑ - ΜΑΡΟΥΣΙ,5.4,10.0,4.6
bus,950,235,ΖΩΓΡΑΦΟΥ - ΑΚΑΔΗΜΙΑ (ΚΥΚΛΙΚΗ),6.19,10.67,4.4799999999999995
bus,1006,309,ΚΟΡΩΠΙ - ΣΤ. ΠΡΟΑΣΤΙΑΚΟΥ - ΚΟΡΩΠΙ (ΚΥΚΛΙΚΗ),25.54,30.0,4.460000000000001
bus,1036,219,ΣΤ. ΚΑΛΛΙΘΕΑ - ΑΓ. ΔΗΜΗΤΡΙΟΣ,5.6,10.0,4.4
bus,882,906,ΠΛ. ΚΑΡΑΪΣΚΑΚΗ - ΚΑΛΛΙΠΟΛΗ (ΚΥΚΛΙΚΗ),5.7,10.0,4.3
bus,816,035,ΑΝΩ ΚΥΨΕΛΗ - ΠΕΤΡΑΛΩΝΑ - ΤΑΥΡΟΣ,5.73,10.0,4.27
bus,1032,141,ΣΤ. ΔΑΦΝΗ - ΚΑΛΑΜΑΚΙ (ΚΥΚΛΙΚΗ),5.75,10.0,4.25
bus,959,550,Π. ΦΑΛΗΡΟ - ΚΗΦΙΣΙΑ,6.27,10.45,4.18
bus,1064,724, ΑΧΑΡΝΑΙ (ΜΕΣΟΝΥΧΙ) - Ν. ΙΩΝΙΑ (ΚΥΚΛΙΚΗ) ,3.49,7.64,4.1499999999999995
bus,1386,Β12,ΣΤ. ΑΤΤΙΚΗ - ΑΝΩ ΛΙΟΣΙΑ (ΠΑΝΟΡΑΜΑ),6.53,10.57,4.04
bus,1066,823,ΣΤ. ΑΓ. ΑΝΤΩΝΙΟΣ - ΑΓ. ΒΑΣΙΛΕΙΟΣ (ΚΥΚΛΙΚΗ),6.14,10.0,3.8600000000000003
bus,1151,021,ΠΛΑΤΕΙΑ ΚΑΝΙΓΓΟΣ - ΓΚΥΖH (ΚΥΚΛΙΚΗ),6.19,10.0,3.8099999999999996
bus,949,220,ΑΝΩ ΙΛΙΣΙΑ - ΑΚΑΔΗΜΙΑ (ΚΥΚΛΙΚΗ),6.18,9.98,3.8000000000000007
bus,1375,022,ΑΚΑΔΗΜΙΑ - Ν. ΚΥΨΕΛΗ (ΚΥΚΛΙΚΗ),5.31,9.0,3.6900000000000004
bus,1067,822,ΣΤ. ΑΓ. ΑΝΤΩΝΙΟΣ - ΝΕΑ ΖΩΗ (ΚΥΚΛΙΚΗ),4.12,7.61,3.49
bus,938,040,ΠΕΙΡΑΙΑΣ - ΣΥΝΤΑΓΜΑ,4.68,8.0,3.3200000000000003
bus,960,608,ΓΑΛΑΤΣΙ - ΑΚΑΔΗΜΙΑ - ΝΕΚΡ. ΖΩΓΡΑΦΟΥ,3.7,7.0,3.3
bus,1144,755,ΑΧΑΡΝΑΙ-ΚΟΚΚΙΝΟΣ ΜΥΛΟΣ-ΣΤ. ΚΑΤΩ ΠΑΤΗΣΙΑ (ΚΥΚΛΙΚΗ),7.08,10.33,3.25
bus,1078,14 ,ΛΑΜΠΡΙΝΗ - Λ. ΑΛΕΞΑΝΔΡΑΣ - ΓΗΡΟΚΟΜΕΙΟ,7.33,10.27,2.9399999999999995
bus,1547,Χ97,ΑΕΡΟΛΙΜΕΝΑΣ ΑΘΗΝΩΝ - ΣΤ. ΕΛΛΗΝΙΚΟ (EXPRESS) (ΚΥΚΛΙΚΗ),60.0,60.0,0.0
bus,1223,326,ΣΤ. ΚΑΝΤΖΑ - ΣΠΑΤΑ - ΑΡΤΕΜΙΣ (ΚΥΚΛΙΚΗ),60.0,60.0,0.0
bus,814,864,ΕΛΕΥΣΙΝΑ - ΒΙΟΜΗΧΑΝΙΚΗ ΠΕΡΙΟΧΗ ΜΑΓΟΥΛΑΣ (ΚΥΚΛΙΚΗ),56.85,56.85,0.0
bus,979,541,ΜΕΤΑΜΟΡΦΩΣΗ - ΣΤ. ΑΜΑΡΟΥΣΙΟΥ (ΚΥΚΛΙΚΗ),56.48,56.48,0.0
bus,750,024,ΑΓ. ΑΝΑΡΓΥΡΟΙ - ΣΤ. ΚΑΤΩ ΠΑΤΗΣΙΑ (ΚΥΚΛΙΚΗ),56.45,56.45,0.0
bus,836,560,ΣΤ. ΚΗΦΙΣΙΑ - ΜΟΡΤΕΡΟ - Ν. ΕΡΥΘΡΑΙΑ,50.0,50.0,0.0
bus,890,819,ΠΕΡΑΜΑ - ΝΕΚΡ. ΣΧΙΣΤΟΥ,50.0,50.0,0.0
bus,1124,123,ΣΑΡΩΝΙΔΑ-ΑΝΑΒΥΣΣΟΣ-ΠΑΛΑΙΑ ΦΩΚΑΙΑ (ΚΥΚΛΙΚΗ),47.58,47.58,0.0
bus,1685,509Β,ΖΗΡΙΝΕΙΟ - ΑΦΙΔΝΕΣ - ΠΟΛΥΔΕΝΔΡΙ - ΚΑΠΑΝΔΡΙΤΙ - ΒΑΡΝΑΒΑ,45.0,45.0,0.0
bus,942,142,ΣΤ. ΑΡΓΥΡΟΥΠΟΛΗ - ΚΑΛΑΜΑΚΙ (ΚΥΚΛΙΚΗ),43.59,43.59,0.0
bus,1017,911,ΣΤΑΘ. ΚΑΛΛΙΘΕΑΣ - ΙΔΡ. ΤΥΦΛΩΝ (ΚΥΚΛΙΚΗ),40.0,40.0,0.0
bus,944,162,ΒΟΥΛΑ - ΠΑΝΟΡΑΜΑ (ΚΥΚΛΙΚΗ),36.9,36.9,0.0
bus,892,Χ96,ΠΕΙΡΑΙΑΣ - ΑΕΡ/ΝΑΣ ΑΘΗΝΩΝ (EXPRESS),30.0,30.0,0.0
bus,1521,Χ93,ΣΤ. ΥΠΕΡ. ΛΕΩΦ. ΚΗΦΙΣΟΥ - ΑΕΡΟΛΙΜΕΝΑΣ ΑΘΗΝΩΝ (EXPRESS),29.75,29.75,0.0
bus,983,604,ΝΟΣ. ΑΓ. ΑΝΑΡΓΥΡΟΙ - ΣΤ. ΜΕΤΑΜΟΡΦΩΣΗΣ - ΝΕΑ ΙΩΝΙΑ (ΚΥΚΛΙΚΗ),25.0,25.0,0.0
bus,986,705,ΚΑΜΑΤΕΡΟ - ΙΛΙΟΝ - ΠΛ. ΑΓ. ΑΝΑΡΓΥΡΩΝ - ΣΤ. ΑΝΘΟΥΠΟΛΗ (ΚΥΚΛΙΚΗ),25.0,25.0,0.0
bus,1178,204Β,ΕΚΕΜΣ - ΑΚΑΔΗΜΙΑ(ΚΥΚΛΙΚΗ),20.0,20.0,0.0
bus,1383,Ε14,ΣΥΝΤΑΓΜΑ - Ο.Α.Κ.Α. - ΥΠ. ΠΑΙΔΕΙΑΣ (EXPRESS),20.0,20.0,0.0
bus,1025,Χ95,ΣΥΝΤΑΓΜΑ - ΑΕΡΟΛ. ΑΘΗΝΩΝ (EXPRESS),15.0,15.0,0.0
bus,1520,052,ΣΤ. ΕΛΑΙΩΝΑ - ΣΤ. ΥΠΕΡ. ΛΕΩΦ. ΚΗΦΙΣΟΥ (ΚΥΚΛΙΚΗ),15.0,15.0,0.0
bus,1453,811,ΧΑΪΔΑΡΙ - ΣΤ. ΑΓΙΑ ΜΑΡΙΝΑ (ΕΝΑΛΛΑΚΤΙΚΗ ΛΟΓΩ ΛΑΪΚΗΣ ΚΑΘΕ ΤΕΤΑΡΤΗ),15.0,15.0,0.0
bus,1203,Ε90,ΠΕΙΡΑΙΑΣ - ΠΑΝΕΠΙΣΤΗΜΙΟΥΠΟΛΗ (ΣΧΟΛΙΚΗ EXPRESS),9.22,9.22,0.0
bus,951,242,ΣΤ. ΚΑΤΕΧΑΚΗ - ΠΟΛΥΤΕΧΝΕΙΟΥΠΟΛΗ (ΚΥΚΛΙΚΗ),6.0,6.0,0.0
bus,952,250,ΠΑΝΕΠΙΣΤΗΜΙΟΥΠΟΛΗ - ΣΤ. ΕΥΑΓΓΕΛΙΣΜΟΥ (ΚΥΚΛΙΚΗ),6.0,6.0,0.0
bus,1668,868,ΘΡΙΑΣΙΟ ΝΟΣΟΚΟΜΕΙΟ - ΣΤ.ΑΓ.ΜΑΡΙΝΑ,5.0,5.0,0.0
bus,1679,314,Γ* ΣΤ. ΔΟΥΚ. ΠΛΑΚΕΝΤΙΑΣ - ΠΑΛΛΗΝΗ - ΝΕΑ ΜΑΚΡΗ,8.13,7.5,-0.6300000000000008
bus,913,503,ΖΗΡΙΝΕΙΟ - ΒΑΡΥΜΠΟΜΠΗ,5.0,2.51,-2.49
bus,904,537,ΑΧΑΡΝΑΙ - ΒΑΡΥΜΠΟΜΠΗ,25.97,5.0,-20.97
fixed,3,M1,ΓΡΑΜΜΗ 1,4.0,7.5,3.5
fixed,2,M2,ΓΡΑΜΜΗ 2,1.25,4.5,3.25
fixed,1,M3,ΓΡΑΜΜΗ 3,1.53,4.52,2.9899999999999993
